-- phpMyAdmin SQL Dump
-- version 4.0.10.18
-- https://www.phpmyadmin.net
--
-- Host: localhost:3306
-- Generation Time: Apr 03, 2018 at 05:02 AM
-- Server version: 5.6.39-cll-lve
-- PHP Version: 5.6.30

SET SQL_MODE = "NO_AUTO_VALUE_ON_ZERO";
SET time_zone = "+00:00";


/*!40101 SET @OLD_CHARACTER_SET_CLIENT=@@CHARACTER_SET_CLIENT */;
/*!40101 SET @OLD_CHARACTER_SET_RESULTS=@@CHARACTER_SET_RESULTS */;
/*!40101 SET @OLD_COLLATION_CONNECTION=@@COLLATION_CONNECTION */;
/*!40101 SET NAMES utf8 */;

--
-- Database: `mycommunity`
--

-- --------------------------------------------------------

--
-- Table structure for table `admin_info_backup`
--

CREATE TABLE IF NOT EXISTS `admin_info_backup` (
  `uname` varchar(10) DEFAULT NULL,
  `fname` varchar(45) DEFAULT NULL,
  `lname` varchar(45) DEFAULT NULL,
  `email` varchar(30) DEFAULT NULL,
  `mobile` varchar(12) DEFAULT NULL,
  `deleted_date` timestamp NOT NULL DEFAULT CURRENT_TIMESTAMP ON UPDATE CURRENT_TIMESTAMP
) ENGINE=InnoDB DEFAULT CHARSET=latin1;

--
-- Dumping data for table `admin_info_backup`
--

INSERT INTO `admin_info_backup` (`uname`, `fname`, `lname`, `email`, `mobile`, `deleted_date`) VALUES
('admin2', 'Nagesh', 'N', NULL, NULL, '0000-00-00 00:00:00'),
('admin2', 'Nagesh', 'N', NULL, NULL, '0000-00-00 00:00:00'),
('admin2', 'Nagesh', 'N', '', '', '2013-07-11 08:32:28'),
('admin2', 'Nagesh', 'N', '', '', '2013-07-11 08:32:30'),
('admin2', 'Nagesh', 'N', '', '', '2013-07-11 08:32:38'),
('admin2', 'Nagesh', 'N', '', '', '2013-07-11 08:39:27'),
('admin2', 'Nagesh', 'N', '', '', '2013-07-11 08:40:20');

-- --------------------------------------------------------

--
-- Table structure for table `admin_notice_preview`
--

CREATE TABLE IF NOT EXISTS `admin_notice_preview` (
  `my_text` text
) ENGINE=InnoDB DEFAULT CHARSET=latin1;

--
-- Dumping data for table `admin_notice_preview`
--

INSERT INTO `admin_notice_preview` (`my_text`) VALUES
('<ul><li><span class="wysiwyg-color-red"><b><span class="wysiwyg-color-green">Yor all requested to attend 3 annual meeting of our community</span></b></span></li><li><span class="wysiwyg-color-red"><b><span class="wysiwyg-color-green">Please bring all family Members</span></b><span class="wysiwyg-color-green">.</span></span></li><li><span class="wysiwyg-color-green"><b>Snacks are arranged.</b></span></li><li><span class="wysiwyg-color-green"></span></li></ul>'),
('<ul><li><span class="wysiwyg-color-red"><b><span class="wysiwyg-color-green">Yor all requested to attend 3 annual meeting of our community</span></b></span></li><li><span class="wysiwyg-color-red"><b><span class="wysiwyg-color-green">Please bring all family Members</span></b><span class="wysiwyg-color-green">.</span></span></li><li><span class="wysiwyg-color-green"><b>Snacks are arranged.</b></span></li><li><span class="wysiwyg-color-green"></span></li></ul>');

-- --------------------------------------------------------

--
-- Table structure for table `member_del_index`
--

CREATE TABLE IF NOT EXISTS `member_del_index` (
  `del_id` varchar(12) NOT NULL DEFAULT '',
  `del_date` timestamp NOT NULL DEFAULT CURRENT_TIMESTAMP ON UPDATE CURRENT_TIMESTAMP,
  `uname` varchar(25) DEFAULT NULL,
  PRIMARY KEY (`del_id`)
) ENGINE=InnoDB DEFAULT CHARSET=latin1;

--
-- Dumping data for table `member_del_index`
--

INSERT INTO `member_del_index` (`del_id`, `del_date`, `uname`) VALUES
('CkPJzKCX5', '2013-07-16 02:01:58', '1101'),
('F7MzHJacD', '2013-07-16 01:59:54', '1101'),
('jr0pTYw3F', '2013-07-16 01:25:23', '1101'),
('jSKCWwDCd', '2013-07-16 01:59:41', '1101');

-- --------------------------------------------------------

--
-- Table structure for table `member_del_info`
--

CREATE TABLE IF NOT EXISTS `member_del_info` (
  `fname` varchar(35) DEFAULT NULL,
  `lname` varchar(35) DEFAULT NULL,
  `company` varchar(60) DEFAULT NULL,
  `designation` varchar(40) DEFAULT NULL,
  `mobile` varchar(14) DEFAULT NULL,
  `email` varchar(25) DEFAULT NULL,
  `photo_name` varchar(30) DEFAULT NULL,
  `member_id` varchar(10) DEFAULT NULL,
  `del_id` varchar(12) DEFAULT NULL,
  KEY `del_id` (`del_id`)
) ENGINE=InnoDB DEFAULT CHARSET=latin1;

--
-- Dumping data for table `member_del_info`
--

INSERT INTO `member_del_info` (`fname`, `lname`, `company`, `designation`, `mobile`, `email`, `photo_name`, `member_id`, `del_id`) VALUES
('Shivaprasad', 'Nanjundachari', 'Cognizant', 'Software Engineer', '919900104439', 'nnsprasad@gmail.com', 'jr0pTYw3F1101_1.jpg', '1101_1', 'jr0pTYw3F'),
('Srividya', 'Shivaprasad', 'House wife', 'Domestic', '9945012772', 'srividya2281@gmail.com', 'jr0pTYw3F1101_2.JPG', '1101_2', 'jr0pTYw3F'),
('Mayur', 'Shivaprasad', 'Kidzee', 'UKG', '', '', 'jr0pTYw3F1101_3.JPG', '1101_3', 'jr0pTYw3F'),
('Shivaprasad', 'Nanjundachari', 'Cognizant', 'Software Engineer', '919900104439', 'nnsprasad@gmail.com', 'jSKCWwDCd_1101_1.jpg', '1101_1', 'jSKCWwDCd'),
('Srividya', 'Shivaprasad', 'House wife', 'Domestic', '9945012772', 'srividya2281@gmail.com', 'jSKCWwDCd_1101_2.JPG', '1101_2', 'jSKCWwDCd'),
('Mayur', 'Shivaprasad', 'Kidzee', 'UKG', '', '', 'jSKCWwDCd_1101_3.JPG', '1101_3', 'jSKCWwDCd'),
('Shivaprasad', 'Nanjundachari', 'Cognizant', 'Software Engineer', '919900104439', 'nnsprasad@gmail.com', 'F7MzHJacD_1101_1.jpg', '1101_1', 'F7MzHJacD'),
('Srividya', 'Shivaprasad', 'House wife', 'Domestic', '9945012772', 'srividya2281@gmail.com', 'F7MzHJacD_1101_2.JPG', '1101_2', 'F7MzHJacD'),
('Mayur', 'Shivaprasad', 'Kidzee', 'UKG', '', '', 'F7MzHJacD_1101_3.JPG', '1101_3', 'F7MzHJacD'),
('Shivaprasad', 'Nanjundachari', 'Cognizant', 'Software Engineer', '919900104439', 'nnsprasad@gmail.com', 'CkPJzKCX5_1101_1.jpg', '1101_1', 'CkPJzKCX5'),
('Srividya', 'Shivaprasad', 'House wife', 'Domestic', '9945012772', 'srividya2281@gmail.com', 'CkPJzKCX5_1101_2.JPG', '1101_2', 'CkPJzKCX5'),
('Mayur', 'Shivaprasad', 'Kidzee', 'UKG', '', '', 'CkPJzKCX5_1101_3.JPG', '1101_3', 'CkPJzKCX5');

-- --------------------------------------------------------

--
-- Table structure for table `member_profile`
--

CREATE TABLE IF NOT EXISTS `member_profile` (
  `uid` int(11) DEFAULT NULL,
  `fname` varchar(35) DEFAULT NULL,
  `lname` varchar(35) DEFAULT NULL,
  `company` varchar(60) DEFAULT NULL,
  `designation` varchar(40) DEFAULT NULL,
  `mobile` varchar(14) DEFAULT NULL,
  `email` varchar(25) DEFAULT NULL,
  `photo_name` varchar(30) DEFAULT NULL,
  `active` int(11) DEFAULT NULL,
  `member_id` varchar(10) DEFAULT NULL,
  UNIQUE KEY `member_id` (`member_id`),
  KEY `uid` (`uid`)
) ENGINE=InnoDB DEFAULT CHARSET=latin1;

--
-- Dumping data for table `member_profile`
--

INSERT INTO `member_profile` (`uid`, `fname`, `lname`, `company`, `designation`, `mobile`, `email`, `photo_name`, `active`, `member_id`) VALUES
(15, 'Motu', 'Samosawala', 'Un Employed', 'Funny work', '', '', '1203_1.jpg', 1, '1203_1'),
(15, 'pathlu', 'chatur', 'Un Employed', 'Funny work', '', '', '1203_2.jpg', 1, '1203_2'),
(15, 'Gasitaram', 'Bengali', 'Un Employed', 'Funny work', '', '', '1203_3.jpg', 1, '1203_3'),
(13, 'Chota Bheem', 'Dhotiwala', 'Dholakpur Kids', 'Kid', '9199000020', '', '1202_1.jpg', 1, '1202_1'),
(13, 'Chootki', 'Ladki', 'Dholakpur Kids', 'Kid', '', '', '1202_2.jpg', 1, '1202_2'),
(13, 'kalia', 'Motu', 'Dholakpur Kids', 'Kid', '', '', '1202_3.jpg', 1, '1202_3'),
(17, 'Hulk', 'Big Man', 'Good Man', 'Good work', '', '', '2201_1.jpg', 1, '2201_1'),
(17, 'Bretty', 'Rose', 'Lover Hulk', 'Good woman', '', '', '2201_2.jpg', 1, '2201_2'),
(17, 'ThnderBold', 'Theodrous', 'General', 'Bad Boy', '', '', '2201_3.jpg', 1, '2201_3'),
(9, 'superman', 'Extra human', 'Saver', 'Good man', '9199000061', '', '3101_1.JPG', 1, '3101_1'),
(9, 'Loice `', 'Lane', 'Lover Superman', 'Lover Superman', '', '', '3101_2.JPG', 1, '3101_2'),
(9, 'Lex ', 'Luthor', 'Bad Man', 'Evil work', '', '', '3101_3.JPG', 1, '3101_3'),
(10, 'Batman', 'Robin', 'Good man ', 'Good work', '', '', '3102_1.JPG', 1, '3102_1'),
(10, 'joker', 'Bad Man', 'Un Employed', 'Bad man ', '', '', '3102_2.JPG', 1, '3102_2'),
(10, 'iceman', 'freeze', 'Bad Man', 'Bad work', '', '', '3102_3.JPG', 1, '3102_3'),
(11, 'Adam', 'Heman', 'Warior', 'God Man', '', '', '3103_1.JPG', 1, '3103_1'),
(11, 'Teela', 'Princess', 'God  woman', 'princess', '', '', '3103_2.JPG', 1, '3103_2'),
(11, 'Skeletor', 'Evil man', 'Bad Man', 'Bad work', '', '', '3103_3.JPG', 1, '3103_3'),
(12, 'shrek', 'hippo', 'Hippo Man', 'Good man', '', '', '3104_1.JPG', 1, '3104_1'),
(12, 'Fiona', 'Princess', 'Princess', 'Princess', '', '', '3104_2.JPG', 1, '3104_2'),
(12, 'donkey', 'Shrek Friend', 'Friend', 'Friend', '', '', '3104_3.JPG', 1, '3104_3'),
(5, 'Doremon', 'Cat', 'Technician', 'Toy', '', '', '2101_1.JPG', 1, '2101_1'),
(6, 'Mowgli', 'Jungle Boy', 'Jungle Boy', 'Unemployed', '', '', '2102_1.JPG', 1, '2102_1'),
(6, 'Bhagira', 'Panther', 'Friend Of Mowgli', 'Animal', '', '', '2102_2.JPG', 1, '2102_2'),
(10, 'The Riddler', 'Badman', 'Bad Man', 'Bad work', '', '', '3102_4.JPG', 1, '3102_4'),
(7, 'aldheen', 'Mohmmad', 'Un Employed', 'Unemployed', '', '', '2103_1.JPG', 1, '2103_1'),
(7, 'ginie', 'ghost', 'On will ', 'Ghost', '', '', '2103_2.jpg', 1, '2103_2'),
(7, 'Jasmin', 'Prince', 'Prince', 'Aladheen lover', '', '', '2103_3.JPG', 1, '2103_3'),
(7, 'Jafar', 'Shaekh', 'Villain', 'Enemy Of Aladheen', '', '', '2103_4.JPG', 1, '2103_4'),
(8, 'Spider Man', 'Super Hero', 'Saver', 'Good man', '', '', '2104_1.JPG', 1, '2104_1'),
(8, 'Mary', 'Dowyer', 'Lover of Spider Man', 'Lover', '', '', '2104_2.JPG', 1, '2104_2'),
(16, 'OOgy', 'Cockroach', 'House hold', 'Fadeup', '', '', '1204_1.JPG', 1, '1204_1'),
(16, 'Jack', 'Cockroach', 'Body Builder', 'oogy Brother', '', '', '1204_2.JPG', 1, '1204_2'),
(16, 'Bob', 'Dog', 'Body Builder', 'Oggy Neighbour', '', '', '1204_3.JPG', 1, '1204_3'),
(18, 'popeye', 'The Spinch eater', 'Good Man ', 'Good work', '', '', '2202_1.jpg', 1, '2202_1'),
(18, 'olive ', 'oye', 'Good woman ', 'Lover of Popeye', '', '', '2202_2.jpg', 1, '2202_2'),
(18, 'Bluto', 'Muscle Man', 'Enemy Of Popeye', 'Muscle Man', '', '', '2202_3.jpg', 1, '2202_3'),
(19, 'Richie Rich', 'Rich Boy', 'Business', 'Executive', '', '', '2203_1.JPG', 1, '2203_1'),
(19, 'Dollor the Dog ', 'Dog', 'Good Dog', 'Friend Of richie', '', '', '2203_2.jpg', 1, '2203_2'),
(19, 'Gloria', 'Glad', 'Friend of Richie', 'Good Girl', '', '', '2203_3.jpg', 1, '2203_3'),
(20, 'Jayaramachar', 'Subrayachar', 'Southern Paper mills', 'Electrical Engineer', '9900104549', '', '2204_1.JPG', 1, '2204_1'),
(20, 'Jwala', 'Jaramachar', 'House wife', 'Domestic', '919900104111', 'nnsprasad@gmail.com', '2204_2.JPG', 1, '2204_2'),
(21, 'Kugfu panda', 'panda', 'Panda', 'Good Boy', '', '', '3201_1.jpg', 1, '3201_1'),
(21, 'Tigress', 'Tiger', 'Fighter', 'Good woman', '', '', '3201_2.jpg', 1, '3201_2'),
(21, 'Master Sheefy', 'Cat Man', 'Master of Kung fu', 'God Man', '', '', '3201_3.jpg', 1, '3201_3'),
(1, 'Tom', 'Cat', 'Watching Cat', 'Hunter', '', '', '1101_1.jpg', 1, '1101_1'),
(1, 'jerry', 'Mouse', 'Stealing , Messing', 'Escaper', '', '', '1101_2.jpg', 1, '1101_2'),
(2, 'Micky', 'Mouse', 'Jolly Maker', 'Unemployed', '', '', '1102_1.jpg', 1, '1102_1'),
(2, 'Donal', 'Duck', 'Leader', 'Un employed', '', '', '1102_2.jpg', 1, '1102_2'),
(3, 'woooddy', 'woodpecker', 'Noice Maker', 'Unemployed', '', '', '1103_1.jpg', 1, '1103_1'),
(3, 'winnie', 'woodpecker', 'Noice Maker', '', '', '', '1103_2.jpg', 1, '1103_2'),
(3, 'splinter', 'Chimpak', 'Noice Maker', 'Unemployed', '', '', '1103_3.jpg', 1, '1103_3'),
(4, 'Mighty Mouse', 'Mouse', 'Hero', 'Heroic', '', '', '1104_1.jpg', 1, '1104_1'),
(4, 'Harry', 'Oil Can Harry', 'Dog ', 'Bad work', '', '', '1104_2.jpg', 1, '1104_2'),
(14, 'Alvin ', 'Seville', 'Chimpk Company', '', '', '', '1201_1.jpg', 1, '1201_1'),
(14, 'Simon ', 'Seville', 'Chimpk Company', 'Unemployed', '', '', '1201_2.png', 1, '1201_2'),
(14, 'Theodore ', 'Seville', 'Chimpk Company', 'Unemployed', '', '', '1201_3.jpg', 1, '1201_3'),
(15, 'Chingam', 'Coconut Tree', 'Inspector', 'Police Station', '', '', '1203_4.jpg', 1, '1203_4'),
(15, 'Doctor', 'Bhatra', 'Scientist', 'Research', '', '', '1203_5.jpg', 1, '1203_5'),
(15, 'Jhon', 'Thief', 'Stealing', 'Un employed', '', '', '1203_6.jpg', 1, '1203_6'),
(16, 'Marky', 'Cockroach', 'Hiding', 'Playing', '', '', '1204_4.png', 1, '1204_4'),
(16, 'DeDe', 'Cockroach', 'Stealing , Messing', 'Un employed', '', '', '1204_5.png', 1, '1204_5'),
(16, 'Joe', 'Cockroach', 'Stealing , Messing', 'Unemployed', '', '', '1204_6.jpg', 1, '1204_6'),
(5, 'nobita', 'Japanee', 'Student', 'Student', '', '', '2101_2.jpg', 1, '2101_2'),
(5, 'Gian', 'Japanee', 'Student', 'Student', '', '', '2101_3.jpg', 1, '2101_3'),
(5, 'Suneo', 'Japanee', 'Student', 'Student', '', '', '2101_4.jpg', 1, '2101_4'),
(5, 'shizuka', 'Japanee', 'Student', 'Student', '', '', '2101_5.jpg', 1, '2101_5'),
(6, 'Bhaloo', 'Bear', 'Friend Of Mowgli', 'Animal', '', '', '2102_3.jpg', 1, '2102_3'),
(8, 'Octopus', 'Man machine', 'Villan', 'Bad man ', '', '', '2104_3.jpg', 1, '2104_3'),
(8, 'Lizard', 'Man Anima', 'Enemy Of Spider man', 'Evil Man', '', '', '2104_4.png', 1, '2104_4'),
(9, 'Jimmy', 'Oslen', 'Journolist', 'Photographer', '', '', '3101_4.png', 1, '3101_4'),
(25, 'Woody', 'Sheriff', 'Shreriff', 'Shreriff', '', '', '3202_1.jpg', 1, '3202_1'),
(25, 'Bo_peep', 'the Lady', 'Good woman', 'good woman', '', '', '3202_2.jpg', 1, '3202_2'),
(25, 'Buzz Light year', 'Robot', 'Machine', 'Good Machine', '', '', '3202_3.jpg', 1, '3202_3'),
(25, 'Slinky Dog', 'Dog', 'Dog', 'Good Dog', '', '', '3202_4.jpg', 1, '3202_4');

-- --------------------------------------------------------

--
-- Table structure for table `msg_body`
--

CREATE TABLE IF NOT EXISTS `msg_body` (
  `msg_body_id` bigint(20) unsigned DEFAULT NULL,
  `msg_text` text,
  UNIQUE KEY `msg_body_id` (`msg_body_id`)
) ENGINE=InnoDB DEFAULT CHARSET=latin1;

--
-- Dumping data for table `msg_body`
--

INSERT INTO `msg_body` (`msg_body_id`, `msg_text`) VALUES
(90406341, 'Body -----------------------1'),
(25234619, 'Body -------------------------------1'),
(82349789, 'Body Test -1'),
(40726431, 'I am fine Tell us your self'),
(90496761, 'KKKKKKKKKKKKKKKKKKKKKKKKKKKKKKKK'),
(97447693, 'LLLLLLLLLLLLLLLLLLLLLLLLLLLLLLLLLLLLLLLLLLLLLLLLLLLLLLLLLLLLLLLLLLLLLLLL'),
(98124316, 'Hi Nagesh How are '),
(11022962, 'How are you all ....'),
(87849266, 'Hello Every Body'),
(70676943, 'Body -------------------------------1'),
(57791403, 'Hi How Your are  all.'),
(50906023, 'Date : 2013-06-21 21:51:32To : 1101 From  1102-------------------------------------------------------Hi How Your are  all.'),
(63785519, 'Date : 2013-06-21 21:51:32To : 1101From 1102-------------------------------------------------------Hi How Your are  all.'),
(77109472, 'Date : 2013-06-21 21:51:32<br>To : 1101<br>From 1102<br>-------------------------------------------------------<br>Hi How Your are  all.I am fine you need to Tell the story'),
(72201148, 'Date : 2013-06-21 18:43:44<br>To : 1102,1102<br>From 4294967295<br>-------------------------------------------------------<br>KKKKKKKKKKKKKKKKKKKKKKKKKKKKKKKK'),
(42898445, 'Date : 2013-06-18 23:34:17<br>To : 1102,1103<br>From 1101,1103<br>-------------------------------------------------------<br>Body -------------------------------1'),
(32976396, 'Date : 2013-06-21 18:43:44To : 1102,1102From 1101-------------------------------------------------------KKKKKKKKKKKKKKKKKKKKKKKKKKKKKKKK'),
(33636040, 'Date : 2013-06-22 11:55:57To : 1101,1103From 1102,1103-------------------------------------------------------Date : 2013-06-18 23:34:17<br>To : 1102,1103<br>From 1101,1103<br>-------------------------------------------------------<br>Body -------------------------------1Hello Hello Heello'),
(51299964, 'Date : 2013-06-22 12:01:21To : 1102,1103From 1101,1103-------------------------------------------------------Date : 2013-06-22 11:55:57To : 1101,1103From 1102,1103-------------------------------------------------------Date : 2013-06-18 23:34:17<br>To : 1102,1103<br>From 1101,1103<br>-------------------------------------------------------<br>Body -------------------------------1Hello Hello Heello'),
(58187037, 'Sending Test Mail Text  Field'),
(45929262, 'Date : 2013-06-22 12:24:49To : 1103,1104,2101,2102,2103,2104From 1102,1104,2101,2102,2103,2104-------------------------------------------------------Sending Test Mail Text  Field  -Modified'),
(16815986, 'Hello everybody hope every body is doing good.ThanksDate : 2013-06-22 12:23:19To : 1101,1103From 1102,1103-------------------------------------------------------Date : 2013-06-22 12:01:21To : 1102,1103From 1101,1103-------------------------------------------------------Date : 2013-06-22 11:55:57To : 1101,1103From 1102,1103-------------------------------------------------------Date : 2013-06-18 23:34:17<br>To : 1102,1103<br>From 1101,1103<br>-------------------------------------------------------<br>Body -------------------------------1Hello Hello Heello'),
(95533221, 'Hello Kindly cbksajbdckabckbaksDate : 2013-06-22 15:53:21To : 1102,1103 From 1101-------------------------------------------------------Hello everybody hope every body is doing good.ThanksDate : 2013-06-22 12:23:19To : 1101,1103From 1102,1103-------------------------------------------------------Date : 2013-06-22 12:01:21To : 1102,1103From 1101,1103-------------------------------------------------------Date : 2013-06-22 11:55:57To : 1101,1103From 1102,1103-------------------------------------------------------Date : 2013-06-18 23:34:17<br>To : 1102,1103<br>From 1101,1103<br>-------------------------------------------------------<br>Body -------------------------------1Hello Hello Heello'),
(44958085, 'LLLLLLLLLLLLLLLLLLLLLLLLLLLLLLLLLLLLLLLLLLLLLLLLLLLLLLLLLLLLLLLLLLLLLLLL'),
(38114744, 'KKKKKKKKKKKKKKKKKKKKKKKKKKKKKKKK'),
(3894328, '<pre> Sending Test Mail Text  Field </pre>'),
(58835122, 'casdcaccdascasdcasdccsdcasdcasdcasdcasdcasdcasdcasdcDate : 2013-06-22 17:06:38To : 1103 From 1104-------------------------------------------------------<pre> Sending Test Mail Text  Field </pre>'),
(86817046, 'Hi Nagesh how''s your family'),
(35017223, ''),
(13191663, 'KKKK IIIII LLLLL'),
(56899792, 'Hello NAGESH Sir How'' Your Family'),
(8319027, 'dvsdvsdvsdvsvdvsdvsdvsdvsdfvsvd        HI Broad Cast Mesg'),
(52330980, 'LLLLLLLLLLLLLLLLLLLLLLLL'),
(87376337, 'Date : 2013-06-21 18:44:11To : 1102From 1101-------------------------------------------------------LLLLLLLLLLLLLLLLLLLLLLLLLLLLLLLLLLLLLLLLLLLLLLLLLLLLLLLLLLLLLLLLLLLLLLLL'),
(97894070, 'Date : 2013-06-21 18:43:44To : 1102,1102 From 1101-------------------------------------------------------KKKKKKKKKKKKKKKKKKKKKKKKKKKKKKKK'),
(99162623, 'Date : 2013-06-21 21:51:32To : 1101From 1102-------------------------------------------------------Hi How Your are  all.'),
(96022459, 'BORADCAST 2'),
(58215823, 'Date : 2013-06-24 17:46:28To : BROADCAST From 1102-------------------------------------------------------BORADCAST 2'),
(92875663, 'Date : 2013-06-24 17:46:28To : BROADCAST From 1102-------------------------------------------------------BORADCAST 2'),
(69368355, 'Date : 2013-06-24 17:47:19To : 1102 From 1101-------------------------------------------------------Date : 2013-06-24 17:46:28To : BROADCAST From 1102-------------------------------------------------------BORADCAST 2'),
(52718397, 'Date : 2013-06-21 18:44:11To : 1102From 1101-------------------------------------------------------LLLLLLLLLLLLLLLLLLLLLLLLLLLLLLLLLLLLLLLLLLLLLLLLLLLLLLLLLLLLLLLLLLLLLLLL'),
(95127673, 'Date : 2013-06-18 23:34:17To : 1102,1103 From 1101-------------------------------------------------------Body -------------------------------1New WIndow '),
(7239514, 'Sending Test Mail Text  Field ------- Hi Prasad in New WINDOW'),
(4534989, 'BORADCAST 2'),
(94898542, 'Date : 2013-06-22 12:24:49To : 1103,1104,2101,2102,2103,2104 From 1102-------------------------------------------------------Sending Test Mail Text  FieldNew WINDOW BY HARSHA'),
(28848066, 'Date : 2013-06-18 23:34:17To : 1102,1103 From 1101-------------------------------------------------------Body -------------------------------1NEW NEW '),
(93842724, ''),
(89683515, 'Test1'),
(40979105, ''),
(95208629, 'Test 3'),
(87867235, 'test4'),
(78262355, 'test5'),
(77704258, 'test6'),
(98567084, 'test7'),
(9896906, 'Test8'),
(62798646, 'Test9'),
(63886368, ''),
(83691185, 'test11'),
(26661473, 'test11'),
(41026391, 'JJJJJJJJJJJJJJJJJ'),
(32140645, 'JJJJJJJJJJJJJJJJJ'),
(31419481, 'JJJJJJJJJJJJJJJJJ'),
(92844054, '110111011101110111011101'),
(79943232, '11011101110111011101110111011101110111011101110111011101110111011101110111011101'),
(91305802, '1101110111011101110111011101110111011101110111011101110111011101110111011101110111011101'),
(59892547, '1101110111011101110111011101110111011101110111011101110111011101110111011101'),
(24784140, '1101110111011101110111011101110111011101110111011101110111011101'),
(34225714, '11011101110111011101110111011101110111011101110111011101110111011101110111011101110111011101110111011101'),
(85692303, '1101110111011101110111011101110111011101110111011101110111011101'),
(57815075, '1101'),
(24169563, '1101'),
(90877873, '1101'),
(12004990, '1101'),
(90587072, '1101'),
(45558260, '1101'),
(79506625, '1101'),
(31544254, '1101'),
(45932875, '1101'),
(82463833, '1101'),
(34463853, '1101'),
(97382169, '1101'),
(72579609, '1101'),
(72322945, '1101'),
(5587711, '1101'),
(45752956, '1101'),
(24597708, '1101'),
(58466126, '1101'),
(64345394, '1101'),
(91716540, '1101'),
(40471412, '1101'),
(49341698, '1101'),
(59939606, '1101'),
(68225930, '1101'),
(20331807, '1101'),
(51487449, '1101'),
(84579802, '1101'),
(99689189, '1101'),
(92564977, '1101'),
(67661328, '1101'),
(63449219, '1101'),
(38446922, '1101'),
(95048366, '1101'),
(4366676, '1101'),
(97648029, '1101'),
(7173592, '1101'),
(91157777, '1101'),
(92910006, '1101'),
(26542073, '1101'),
(63646553, '1101'),
(56042463, '1101'),
(84521388, '1101'),
(31635923, '1101'),
(84289583, 'OOOOOOOOOOOOOOOOOOOOOOOOOOOOOOOOOOO'),
(78605765, '1101'),
(99260556, '1101'),
(81670172, '1101'),
(66032218, '1101'),
(70150544, '1101'),
(84865403, '1101'),
(58595813, '1101'),
(21476438, '1101'),
(96595976, '1101'),
(96062885, '1101'),
(6411972, '1101'),
(6966045, '1101'),
(42924367, '1101'),
(64168308, '1101'),
(886201, '1101'),
(46185966, '1101'),
(35602545, '1101'),
(46366201, '1101'),
(61471693, '1101'),
(51917553, '1101'),
(18931524, 'Hi How ARe U'),
(89469337, 'Hi How Are U '),
(87423282, 'Hi How Are U '),
(51582032, 'Hi How Are U '),
(69257795, 'Hi How Are U '),
(41400070, 'Date : 2013-06-26 13:48:22To : 1101,1103 From 1102-------------------------------------------------------Date : 2013-06-22 12:01:21To : 1102,1103From 1101,1103-------------------------------------------------------Date : 2013-06-22 11:55:57To : 1101,1103From 1102,1103-------------------------------------------------------Date : 2013-06-18 23:34:17<br>To : 1102,1103<br>From 1101,1103<br>-------------------------------------------------------<br>Body -------------------------------1Hello Hello HeelloKILLLDFLLLSDFL'),
(10319358, 'Hi How Are U '),
(28738817, ''),
(88226926, 'Hello Satheesh How Are You'),
(54480514, 'Thank you prasad...Date : 2013-06-29 14:54:44To : 3201 From 1101-------------------------------------------------------Hello Satheesh How Are You'),
(98593780, 'Date : 2013-06-22 12:24:49To : 1103,1104,2101,2102,2103,2104 From 1102-------------------------------------------------------Sending Test Mail Text  FieldNew WINDOW BY HARSHA'),
(79644386, 'How are you'),
(60903051, 'BBBBBBBBBBBBBBBBBBBBBBBBBBBBBBBBBBBBBBBBBBBBBBBBBBBBBBBBBBBBB'),
(59203125, 'Date : 2013-07-15 17:39:09To : 1102 From 1101-------------------------------------------------------BBBBBBBBBBBBBBBBBBBBBBBBBBBBBBBBBBBBBBBBBBBBBBBBBBBBBBBBBBBBBHHHHHHHHHHHHHHHHHHHHHHHHHHHHHHHHHHHHHHHHHHHHHHHHHHHHHHH'),
(65149502, 'Mai'),
(25704386, 'Mai'),
(39918027, 'dADadA'),
(66828423, 'Date : 2013-07-17 19:07:42To : 1101 From ADMIN-------------------------------------------------------dADadA------------------------------------------------------------------asla'),
(10296043, ''),
(37486894, 'Ho jadfjadh asdhahdkjha asdbasdghgjashsadhadhsad adhadgsdf ghashjgs jhasdgg asdbaas  jhhjkhsd  kkjsdjhsaf kjssdhj'),
(66426133, 'Date : 2013-07-17 19:20:21To : ADMIN From 1101-------------------------------------------------------Ho jadfjadh asdhahdkjha asdbasdghgjashsadhadhsad adhadgsdf ghashjgs jhasdgg asdbaas  jhhjkhsd  kkjsdjhsaf kjssdhjadsmcadmlvkml  AAAAAAAAAAAAAAA BBBBBBBBBBBBBBBBbbNNNNNNNNNNNNNNNNn'),
(17306761, 'Date : 2013-07-17 19:21:58To : 1101 From ADMIN-------------------------------------------------------Date : 2013-07-17 19:20:21To : ADMIN From 1101-------------------------------------------------------Ho jadfjadh asdhahdkjha asdbasdghgjashsadhadhsad adhadgsdf ghashjgs jhasdgg asdbaas  jhhjkhsd  kkjsdjhsaf kjssdhjadsmcadmlvkml  AAAAAAAAAAAAAAA BBBBBBBBBBBBBBBBbbNNNNNNNNNNNNNNNNnblj'),
(35147075, ''),
(49534459, ''),
(66489294, ''),
(71511719, 'Hi this is Mesg Test.How are you. THis  means how sees thinkAnd need to be illuminated.Regards,Shiva'),
(25782333, 'Hi Nages, How are you, Need helpAAA BBB CCC dddxd eeeeeefffff hhhhh kjkk kllilyuliuoliuolfgvsdfgvs  sfmsdkf sdfjsodiv se kjsdkjfgjoiweg Regards,Shiva'),
(4781961, 'This is itest mailsadbcasjdckd dsavbkjsdbvksdv sdvkjbdsfvkjbsdfvnbvkjsdbvkjsdvfs jkhvksdjhvkjsd  nbsdbv sdjhsdkvh sdfjhdkjfvh bsdfbv'),
(15381986, 'ksd kjjskdfv sdfvkjksdfv lkjsdfv  kljldkfjv dfkjgvlkdsv   sdfvjkjsdjfv sdjhdffvhjdfv  jhsdfkfjvhkjfv sd dvbsdfvmsldfvs sdvjdlsvk  skjlkvksdl vl sdfvjkdlv dsfvjjdvlksjvl  jmlksdjvlkjdf sdffvjkldsfv   lkjdlkvjlsdf vlkdlvkjvbdjhlsdkjvld msdlvjlsdfvb  ijlksdbvjlkdb sdfjklkdsb lksdf'),
(62049427, 'undefined'),
(73519217, 'Date : 2013-07-19 21:07:13To : 1101From 1103-------------------------------------------------------asdcjaskdjclas asdchaskdc  snvksv acjhaskc afajksdff ashkjasd kjsadbjasdcv asdfaksjdfhkas kjasdf l'),
(65293354, '< Date : 2013-07-19 21:27:21 >< To : 1103 >< From : 1101 >< ------------------------------------------------------- ><br><br><br>Hi How ARe You asdhvclkasdvaslkdvhlksadf ascvhjalksdcv asldcvjlkasdjvasdvasdfchaslkdvasnhalskjvlkasv'),
(95341485, '<Date[To:]<br> 2013-07-19 21[To:]<br>56[To:]<br>26 >[[To:]<br>[To:]<br>[To:]<br> 1101 ]|Fr[To:]<br>m[To:]<br> 1103 |< ------------------------------------------------------- >< Date [To:]<br> 2013-07-19 21[To:]<br>27[To:]<br>21 >< [To:]<br>[To:]<br> [To:]<br> 1103 >< Fr[To:]<br>m [To:]<br> 1101 >< ------------------------------------------------------- ><br><br><br><br>Hi H[To:]<br>w ARe Y[To:]<br>u asdhvclkasdvaslkdvhlksadf ascvhjalksdcv asldcvjlkasdjvasdvasdfchaslkdvasnhalskjvlkasvAAA DDDDDDDDD GGGGGGGG JJJJJJJJJJvlksdnv asfvjsv wearifgwe[To:]<br>rg wergujwergj[To:]<br> kfghehg  werrgijwergj wergiewrg  ijerri[To:]<br>g [To:]<br>ige werrkgihwe[To:]<br>rgjhwer'),
(92049133, '<Date[To:]<br> 2013-07-19 21:27:21 >[To: 1103 ]|From: 1101 |<br>< ------------------------------------------------------- ><br>Date : 2013-07-19 21:07:13To : 1101From 1103-------------------------------------------------------asdcjaskdjclas asdchaskdc  snvksv acjhaskc afajksdff ashkjasd kjsadbjasdcv asdfaksjdfhkas kjasdf lcadlscalkdscasdcnjasdcnk adcasdcbhas chascd kasdcasdlcbnkjasd ckjasdc]asdcjbsahjc kasdc bcjbdchasdcsacjhbsadc ascjsdcv asdfcjiasd  ihsadfih saiuhsfas  iiwefihfwiefh'),
(87214837, 'asdhcu sadcnasd kjasdfjklasjdf asdchajsd asdcjhasdc asdfhsakjd asdcfdfc jhasdf]kjakasdca asc lkasjdfclk afcjhasdfhjkasd flkasdfchjasdfh asdfckhakjsdfh kj kjasdkcfhkasdv asdkjhksjdfh'),
(57983587, '<Date[To:]<br> 2013-07-19 22:14:34 ><br>[To: 1102 ]|From: 1101 |<br><br<br><br>asdhcu sadcnasd kjasdfjklasjdf asdchajsd asdcjhasdc asdfhsakjd asdcfdfc jhasdf]kjakasdca asc lkasjdfclk afcjhasdfhjkasd flkasdfchjasdfh asdfckhakjsdfh kj kjasdkcfhkasdv asdkjhksjdfhkjasdlck asdcjhasdhfckjhsa dasdc hbkdsfhckjsa df kjhskdf   acna j jhhaksjdc  khsakdjfh asdkchsdf khkjhasdf ihifuhjksdcasjdc  asjhasdkjh ascdjhasdh adfhkisadhvckjh asdcnj '),
(35425342, 'sdsa sdcas asdcas ads '),
(44327843, ''),
(4163392, ''),
(87009370, 'Hello Boy How Are U At Oracle'),
(27112659, 'Hi ZZZZooZZZY '),
(8805194, 'Addning Mass mails'),
(80715183, 'asdca'),
(59243196, 'Alert Alert'),
(78158603, 'Hi TOM CHERRY Boradcasting');

-- --------------------------------------------------------

--
-- Table structure for table `msg_header`
--

CREATE TABLE IF NOT EXISTS `msg_header` (
  `msg_id` bigint(20) unsigned NOT NULL AUTO_INCREMENT,
  `msg_body_id` bigint(20) unsigned DEFAULT NULL,
  `subject` varchar(250) DEFAULT NULL,
  `to_s` varchar(700) DEFAULT NULL,
  `from_s` varchar(10) DEFAULT NULL,
  `sender_del_flag` int(11) DEFAULT NULL,
  PRIMARY KEY (`msg_id`),
  UNIQUE KEY `msg_body_id` (`msg_body_id`)
) ENGINE=InnoDB  DEFAULT CHARSET=latin1 AUTO_INCREMENT=181 ;

--
-- Dumping data for table `msg_header`
--

INSERT INTO `msg_header` (`msg_id`, `msg_body_id`, `subject`, `to_s`, `from_s`, `sender_del_flag`) VALUES
(1, NULL, NULL, NULL, NULL, 1),
(2, 90406341, 'Subject ----- 1', '1102,1103 ', ' 1101', 0),
(3, 25234619, 'Subject ------------------------1', '1102,1103 ', ' 1101', 0),
(4, 82349789, 'Subject test -1', '1103,1104 ', ' 1101', 0),
(5, 40726431, 'Hey Every body', '2101,2102,2103 ', ' 1101', 0),
(6, 90496761, 'HHHHHHHHHHHHHHHHHHHHHHHH', '1102,1102 ', ' 1101', 0),
(7, 97447693, 'IIIIIIIIIIIIIIIIIIIIIIIIIIIIIIIIIIIIIIIIIIIIIIIIIIIIIIIIIIIIIIIIIIIIIIIIIIIIIIIII', '1102 ', ' 1101', 0),
(8, 98124316, 'Hi Nagesh How are ', '1102 ', ' 1101', 0),
(9, 11022962, 'How are You chaitra ', '1101 ', ' 1101', 0),
(10, 87849266, 'Hello Chaitra', '1102 ', ' 1101', 0),
(11, 70676943, 'Subject ------------------------1', '2013-06-18 23:34:17 ', ' ', 1),
(12, 57791403, 'Hi Prasad How are you ', '1101 ', ' 1102', 0),
(13, 50906023, 'FW: Hi Prasad How are you ', ' 1102 ', ' 1101', 0),
(14, 63785519, 'FW: Hi Prasad How are you ', '1102 ', ' 1101', 0),
(15, 77109472, 'FW: Hi Prasad How are you ', '1102 ', ' 1101', 0),
(16, 72201148, 'RE: HHHHHHHHHHHHHHHHHHHHHHHH', '4294967295 ', ' 1102', 0),
(17, 42898445, 'RE: Subject ------------------------1', '1101,1103 ', ' 1102', 0),
(18, 32976396, 'RE: HHHHHHHHHHHHHHHHHHHHHHHH', '1101 ', ' 1102', 0),
(19, 33636040, 'RE: RE: Subject ------------------------1', '1102,1103 ', ' 1101', 0),
(20, 51299964, 'RE: RE: RE: Subject ------------------------1', '1101,1103 ', ' 1102', 1),
(21, 58187037, 'Sending Test Mail Subject Field', '1103,1104,2101,2102,2103,2104 ', ' 1102', 1),
(22, 45929262, 'RE: Sending Test Mail Subject Field---- Modified', '1102,1104,2101,2102,2103,2104 ', ' 1103', 1),
(23, 16815986, 'RE: RE: RE: RE: Subject ------------------------1', '1102,1103 ', ' 1101', 0),
(24, 95533221, 'RE: RE: RE: RE: RE: Subject ------------------------1', '1101 ', ' 1102', 1),
(25, 44958085, 'IIIIIIIIIIIIIIIIIIIIIIIIIIII.m.m.m.m,.,mIIIIIIIIIIIIIIIIIIIIIIIIIIIIIIIIIIIIIIIIIIIIIIIIIIIII', ' ', ' 1102', 0),
(26, 38114744, 'FW: HHHHHHHHHHHHHHHHHHHHHHHH', '1101 ', ' 1102', 0),
(27, 3894328, 'FW: Sending Test Mail Subject Field', '1103 ', ' 1104', 1),
(28, 58835122, 'RE: FW: Sending Test Mail Subject Field', '1104 ', ' 1103', 1),
(29, 51484201, 'Hi Nagesh How Are You', '1102 ', ' 1101', 0),
(30, 86817046, 'Hi Nagesh How Are You', '1102 ', ' 1101', 0),
(31, 35017223, 'HiIII Nagesh How''s your family', '1102 ', ' 1101', 0),
(32, 13191663, 'DDD OOOOO DDDDD', '1102 ', ' 1101', 0),
(33, 56899792, 'Hello NAGESH Sir How'' Your Family', '1102 ', ' 1101', 0),
(34, 8319027, 'HI Broad Cast Mesg', 'BROADCAST ', ' 1101', 0),
(35, 52330980, 'KKKKKKKKKKKKKKKKK', '1103 ', ' 1102', 0),
(36, 87376337, 'RE: IIIIIIIIIIIIIIIIIIIIIIIIIIIIIIIIIIIIIIIIIIIIIIIIIIIIIIIIIIIIIIIIIIIIIIIIIIIIIIIII', '1101 ', ' 1102', 0),
(37, 97894070, 'RE: HHHHHHHHHHHHHHHHHHHHHHHH', '1101 ', ' 1102', 0),
(38, 99162623, 'FW: FW: Hi Prasad How are you ', ' ', ' 1102', 0),
(39, 96022459, 'BORADCAST 2', 'BROADCAST ', ' 1102', 1),
(40, 58215823, 'RE: BORADCAST 2   RERE', '1102 ', ' 1101', 0),
(41, 92875663, 'FW: RE: BORADCAST 2   RERE', '1103 ', ' 1102', 1),
(42, 69368355, 'RE: RE: BORADCAST 2   RERE', '1101 ', ' 1102', 1),
(43, 52718397, 'FW: RE: IIIIIIIIIIIIIIIIIIIIIIIIIIIIIIIIIIIIIIIIIIIIIIIIIIIIIIIIIIIIIIIIIIIIIIIIIIIIIIIII', '1103 ', ' 1101', 0),
(44, 95127673, 'RE: Subject ------------------------1 New Window', '1104 ', ' 1103', 1),
(45, 7239514, 'FW: Sending Test Mail Subject Field ----- NEW WINDOW', ' ', ' 1104', 1),
(46, 4534989, 'FW: BORADCAST 2', '1104 ', ' 1101', 0),
(47, 94898542, 'RE: Sending Test Mail Subject Field     New WINDOW BY HARSHA', '1102 ', ' 1104', 1),
(48, 28848066, 'RE: Subject ------------------------1                   NEW NEW', '1101 ', ' 1102', 1),
(49, 93842724, 'Hi Prasad', '1101 ', ' 1103', 1),
(50, 89683515, 'Test1', '1101 ', ' 1102', 0),
(51, 40979105, 'Test 2 ', '1101 ', ' 1102', 0),
(52, 95208629, 'Test3', '1101 ', ' 1102', 0),
(53, 87867235, 'test4', '1101 ', ' 1102', 0),
(54, 78262355, 'test5', '1101 ', ' 1102', 0),
(55, 77704258, 'test6', '1101 ', ' 1102', 0),
(56, 98567084, 'test7', '1101 ', ' 1102', 0),
(57, 9896906, 'Test8', '1101 ', ' 1103', 1),
(58, 62798646, 'Test9', '1101 ', ' 1103', 1),
(59, 63886368, 'test10', '1101 ', ' 1103', 1),
(60, 83691185, 'test11', '1101 ', ' 1103', 1),
(61, 26661473, 'test11', '1101 ', ' 1103', 1),
(62, 41026391, 'JJJJJJJJJJJJJJJJJ', '1101 ', ' 1102', 1),
(63, 32140645, 'JJJJJJJJJJJJJJJJJ', '1101 ', ' 1102', 1),
(64, 31419481, 'JJJJJJJJJJJJJJJJJ', '1101 ', ' 1102', 1),
(65, 92844054, '11011101110111011101', '1101 ', ' 1102', 1),
(66, 79943232, '110111011101110111011101', '1101 ', ' 1102', 1),
(67, 91305802, '11011101110111011101110111011101110111011101110111011101110111011101110111011101', '1101 ', ' 1102', 0),
(68, 59892547, '1101', '1101 ', ' 1102', 0),
(69, 24784140, '1101110111011101110111011101110111011101110111011101110111011101', '1101 ', ' 1102', 0),
(70, 34225714, '1101', '1101 ', ' 1102', 0),
(71, 85692303, '1101', '1101 ', ' 1102', 0),
(72, 57815075, '1101', '1101 ', ' 1102', 0),
(73, 24169563, '1101', '1101 ', ' 1102', 0),
(74, 90877873, '1101', '1101 ', ' 1102', 0),
(75, 12004990, '1101', '1101 ', ' 1102', 0),
(76, 90587072, '1101', '1101 ', ' 1102', 0),
(77, 45558260, '1101', '1101 ', ' 1102', 0),
(78, 79506625, '1101', '1101 ', ' 1102', 0),
(79, 31544254, '1101', '1101 ', ' 1102', 0),
(80, 45932875, '1101', '1101 ', ' 1102', 0),
(81, 82463833, '1101', '1101 ', ' 1102', 0),
(82, 34463853, '1101', '1101 ', ' 1102', 0),
(83, 97382169, '1101', '1101 ', ' 1102', 0),
(84, 72579609, '1101', '1101 ', ' 1102', 0),
(85, 72322945, '1101', '1101 ', ' 1102', 0),
(86, 5587711, '1101', '1101 ', ' 1102', 0),
(87, 45752956, '1101', '1101 ', ' 1102', 0),
(88, 24597708, '1101', '1101 ', ' 1102', 0),
(89, 58466126, '1101', '1101 ', ' 1102', 0),
(90, 64345394, '1101', '1101 ', ' 1102', 0),
(91, 91716540, '1101', '1101 ', ' 1102', 0),
(92, 40471412, '1101', '1101 ', ' 1102', 0),
(93, 49341698, '1101', '1101 ', ' 1102', 0),
(94, 59939606, '1101', '1101 ', ' 1102', 0),
(95, 68225930, '1101', '1101 ', ' 1102', 0),
(96, 20331807, '1101', '1101 ', ' 1102', 0),
(97, 51487449, 'Check my new free web mail client http://www.fways.in/cgi-bin/My-Mail/login.pl', '1101 ', ' 1102', 1),
(98, 84579802, 'Check my new free web mail client http://www.fways.in/cgi-bin/My-Mail/login.pl', '1101 ', ' 1102', 1),
(99, 99689189, 'Application for 13-01302 - Sr. Perl Programmer (NY) - Buffalo, NY', '1101 ', ' 1102', 1),
(100, 92564977, '1101', '1101 ', ' 1102', 0),
(101, 67661328, '1101', '1101 ', ' 1102', 0),
(102, 63449219, '1101', '1101 ', ' 1102', 0),
(103, 38446922, '1101', '1101 ', ' 1102', 0),
(104, 95048366, '1101', '1101 ', ' 1102', 0),
(105, 4366676, '1101', '1101 ', ' 1102', 0),
(106, 97648029, '1101', '1101 ', ' 1101', 0),
(107, 7173592, '1101', '1101 ', ' 1101', 0),
(108, 91157777, '1101', '1101 ', ' 1101', 0),
(109, 92910006, '1101', '1101 ', ' 1102', 0),
(110, 26542073, '1101', '1101 ', ' 1102', 0),
(111, 63646553, '1101', '1101 ', ' 1102', 0),
(112, 56042463, '1101', '1101 ', ' 1102', 0),
(113, 84521388, '1101', '1101 ', ' 1102', 0),
(114, 31635923, '1101', '1101 ', ' 1102', 0),
(115, 84289583, 'OOOOOOOOOOOOOOOOOOOOOOOOOOOOOOOOOOOOOOOOOOOOOOOOOO', '1101 ', ' 1102', 1),
(116, 78605765, '1101', '1101 ', ' 1102', 0),
(117, 99260556, '1101', '1101 ', ' 1102', 0),
(118, 81670172, '1101', '1101 ', ' 1102', 0),
(119, 66032218, '1101', '1101 ', ' 1102', 0),
(120, 70150544, '1101', '1101 ', ' 1102', 0),
(121, 84865403, '1101', '1101 ', ' 1102', 0),
(122, 58595813, '1101', '1101 ', ' 1102', 0),
(123, 21476438, '1101', '1101 ', ' 1102', 0),
(124, 96595976, '1101', '1101 ', ' 1102', 0),
(125, 96062885, '1101', '1101 ', ' 1102', 0),
(126, 6411972, '1101', '1101 ', ' 1102', 0),
(127, 6966045, '1101', '1101 ', ' 1102', 0),
(128, 42924367, '1101', '1101 ', ' 1102', 0),
(129, 64168308, '1101', '1101 ', ' 1102', 0),
(130, 886201, '1101', '1101 ', ' 1102', 0),
(131, 46185966, '1101', '1101 ', ' 1102', 0),
(132, 35602545, '1101', '1101 ', ' 1102', 0),
(133, 46366201, '1101', '1101 ', ' 1102', 0),
(134, 61471693, '1101', '1101 ', ' 1102', 0),
(135, 51917553, 'v', '1101 ', ' 1102', 0),
(136, 18931524, 'Hi How Are U ', '1102 ', ' 1101', 0),
(137, 89469337, 'Hi How Are U ', '1102 ', ' 1101', 0),
(138, 87423282, 'RE: Hi How Are YOu', '1102 ', ' 1101', 0),
(139, 51582032, 'RE: Hi Elvira', '1102 ', ' 1101', 0),
(140, 69257795, 'RE: Hi How Are YOu', '1102 ', ' 1101', 0),
(141, 41400070, 'RE: RE: RE: RE: Subject ------------------------1', '1102 ', ' 1101', 0),
(142, 10319358, 'FW: Hi How Are U  -- Hi Prasad I am replying YOu', '1101 ', ' 1102', 1),
(143, 28738817, 'I am Broading -----Prasad', 'BROADCAST ', ' 1101', 0),
(144, 88226926, 'Hello Satheesh How Are You', '3201 ', ' 1101', 0),
(145, 54480514, 'RE: Hello Satheesh How Are You', '1101 ', ' 3201', 1),
(146, 98593780, 'FW: To U Nagesh  RE: Sending Test Mail Subject Field     New WINDOW BY HARSHA', '1102 ', ' 1102', 1),
(147, 79644386, 'Hello Brother', '1102 ', ' 1101', 0),
(148, 60903051, 'Hi Brother, How are you, ', '1102 ', ' 1101', 1),
(149, 59203125, 'RE: Hi Brother, How are you, ', '1101 ', ' 1102', 1),
(150, 65149502, 'Hi Mail from Adminl nfrom Admi', '110n1 ', ' ADMIN', 1),
(151, 25704386, 'Hi Mail from Adminl nfrom Admi', '110n1 ', ' ADMIN', 1),
(152, 39918027, 'CSADCASDCSAASS admin', '1101 ', ' ADMIN', 1),
(153, 66828423, 'RE: CSADCASDCSAASS admin', 'ADMIN ', ' 1101', 1),
(154, 10296043, 'This is the BY ADMIN', '1101 ', ' ADMIN', 1),
(155, 37486894, 'from 110', 'ADMIN ', ' 1101', 1),
(156, 66426133, 'RE: from 110', '1101 ', ' ADMIN', 1),
(157, 17306761, 'RE: RE: from 110', 'ADMIN ', ' 1101', 1),
(158, 35147075, 'This is BROAD CAST MESG from ADMIN', 'BROACAST ', ' ADMIN', 1),
(159, 49534459, 'This is BROAD CAST MESG from ADMIN', 'BROACAST ', ' ADMIN', 1),
(160, 66489294, 'This is BROAD CAST MESG from ADMIN', 'BROADCAST ', ' ADMIN', 1),
(161, 71511719, 'Hi this is Mesg Test', '1102 ', ' 1101', 1),
(162, 25782333, 'Hi Nages, How are you, Need help', '1102 ', ' 1101', 1),
(163, 4781961, 'Hi Bhava How ARe ', '1103 ', ' 1102', 1),
(164, 15381986, 'Break space Test', '1103 ', ' 1102', 1),
(165, 62049427, 'RE: FW: RE: IIIIIIIIIIIIIIIIIIIIIIIIIIIIIIIIIIIIIIIIIIIIIIIIIIIIIIIIIIIIIIIIIIIIIIIIIIIIIIIII', '1101 ', ' 1103', 1),
(166, 73519217, 'RE: RE: FW: RE: IIIIIIIIIIIIIIIIIIIIIIIIIIIIIIIIIIIIIIIIIIIIIIIIIIIIIIIIIIIIIIIIIIIIIIIIIIIIIIIII', '1103 ', ' 1101', 1),
(167, 65293354, 'RE: RE: RE: FW: RE: IIIIIIIIIIIIIIIIIIIIIIIIIIIIIIIIIIIIIIIIIIIIIIIIIIIIIIIIIIIIIIIIIIIIIIIIIIIIIIIII', '1101 ', ' 1103', 1),
(168, 95341485, 'RE: RE: RE: RE: FW: RE: IIIIIIIIIIIIIIIIIIIIIIIIIIIIIIIIIIIIIIIIIIIIIIIIIIIIIIIIIIIIIIIIIIIIIIIIIIIIIIIII', '1103 ', ' 1101', 1),
(169, 92049133, 'RE: RE: RE: FW: RE: IIIIIIIIIIIIIIIIIIIIIIIIIIIIIIIIIIIIIIIIIIIIIIIIIIIIIIIIIIIIIIIIIIIIIIIIIIIIIIIII', '1101 ', ' 1103', 1),
(170, 87214837, 'hi 123', '1102 ', ' 1101', 1),
(171, 57983587, 'RE: hi 123', '1101 ', ' 1102', 1),
(172, 35425342, '1102', '1102 ', ' 1101', 1),
(173, 44327843, 'Hi Jekov, My best wishes', 'BROADCAST ', ' 1101', 1),
(174, 4163392, '', ' ', ' 1101', 1),
(175, 87009370, 'Hello Boy How Are U At Oracle', '1102 ', ' 1102', 1),
(176, 27112659, 'Hi ZZZZooZZZY ', '1102 ', ' 1101', 1),
(177, 8805194, 'Addning Mass mails', '1102,1103 ', ' 1101', 1),
(178, 80715183, 'Casd', '1101,1102 ', ' 1103', 1),
(179, 59243196, 'Hi THis Admin', 'BROADCAST ', ' ADMIN', 1),
(180, 78158603, 'Hi TOM CHERRY Boradcasting', 'BROADCAST ', ' 1101', 1);

-- --------------------------------------------------------

--
-- Table structure for table `msg_index`
--

CREATE TABLE IF NOT EXISTS `msg_index` (
  `date` timestamp NOT NULL DEFAULT CURRENT_TIMESTAMP ON UPDATE CURRENT_TIMESTAMP,
  `msg_id` bigint(20) unsigned DEFAULT NULL,
  `to_uid` int(11) DEFAULT NULL,
  `read_flag` int(11) DEFAULT NULL,
  `p_del` int(11) DEFAULT NULL,
  `t_del` int(11) DEFAULT NULL,
  KEY `msg_id` (`msg_id`),
  KEY `to_uid` (`to_uid`)
) ENGINE=InnoDB DEFAULT CHARSET=latin1;

--
-- Dumping data for table `msg_index`
--

INSERT INTO `msg_index` (`date`, `msg_id`, `to_uid`, `read_flag`, `p_del`, `t_del`) VALUES
('2013-06-29 08:48:04', 3, 2, 0, 1, 0),
('2013-06-19 08:04:17', 3, 3, 1, 1, 1),
('2013-06-19 08:06:31', 4, 3, 1, 1, 1),
('2013-06-19 08:06:31', 4, 4, 1, 1, 1),
('2013-06-19 08:09:07', 5, 5, 1, 1, 1),
('2013-06-19 08:09:07', 5, 6, 1, 1, 1),
('2013-06-19 08:09:07', 5, 7, 1, 1, 1),
('2013-06-29 08:48:04', 6, 2, 0, 1, 0),
('2013-06-29 08:48:04', 6, 2, 0, 1, 0),
('2013-06-29 08:48:04', 7, 2, 0, 1, 0),
('2013-06-29 08:52:58', 8, 2, 0, 1, 0),
('2013-07-16 01:25:22', 9, 1, 0, 0, 0),
('2013-06-29 08:48:58', 10, 2, 0, 1, 0),
('2013-07-16 01:25:22', 12, 1, 0, 0, 0),
('2013-06-29 08:52:58', 14, 2, 0, 1, 0),
('2013-06-29 08:53:06', 15, 2, 0, 1, 0),
('2013-07-16 01:25:22', 17, 1, 0, 0, 0),
('2013-06-26 23:05:25', 17, 3, 0, 1, 1),
('2013-07-16 01:25:22', 18, 1, 1, 0, 0),
('2013-06-29 08:53:06', 19, 2, 0, 1, 0),
('2013-06-22 20:31:21', 19, 3, 1, 1, 1),
('2013-07-16 01:25:22', 20, 1, 0, 0, 0),
('2013-06-26 23:05:29', 20, 3, 0, 1, 1),
('2013-06-22 20:54:49', 21, 3, 1, 1, 1),
('2013-06-22 20:54:49', 21, 4, 1, 1, 1),
('2013-06-22 20:54:49', 21, 5, 1, 1, 1),
('2013-06-22 20:54:49', 21, 6, 1, 1, 1),
('2013-06-22 20:54:49', 21, 7, 1, 1, 1),
('2013-06-22 20:54:49', 21, 8, 1, 1, 1),
('2013-06-23 01:04:27', 22, 2, 1, 1, 0),
('2013-06-23 01:04:56', 22, 4, 1, 1, 0),
('2013-06-22 20:56:04', 22, 5, 1, 1, 1),
('2013-06-22 20:56:04', 22, 6, 1, 1, 1),
('2013-06-22 20:56:04', 22, 7, 1, 1, 1),
('2013-06-22 20:56:04', 22, 8, 1, 1, 1),
('2013-06-29 08:52:58', 23, 2, 0, 1, 0),
('2013-06-26 23:05:57', 23, 3, 0, 1, 1),
('2013-07-16 01:25:22', 24, 1, 1, 0, 0),
('2013-07-16 01:25:22', 26, 1, 1, 0, 0),
('2013-06-26 23:06:03', 27, 3, 0, 1, 1),
('2013-06-23 01:38:24', 28, 4, 1, 1, 1),
('2013-06-29 08:56:18', 30, 2, 0, 1, 0),
('2013-06-29 08:53:06', 31, 2, 0, 1, 0),
('2013-06-29 08:48:49', 32, 2, 0, 1, 0),
('2013-06-29 08:48:54', 33, 2, 0, 1, 0),
('2013-07-16 01:25:22', 34, 1, 0, 0, 0),
('2013-06-29 08:56:18', 34, 2, 0, 1, 0),
('2013-06-25 02:07:42', 34, 3, 1, 1, 1),
('2013-06-26 21:37:01', 34, 4, 1, 1, 0),
('2013-06-25 02:07:42', 34, 5, 1, 1, 1),
('2013-06-25 02:07:42', 34, 6, 1, 1, 1),
('2013-06-25 02:07:42', 34, 7, 1, 1, 1),
('2013-06-25 02:07:42', 34, 8, 1, 1, 1),
('2013-06-25 02:07:42', 34, 9, 1, 1, 1),
('2013-06-25 02:07:42', 34, 10, 1, 1, 1),
('2013-06-25 02:07:42', 34, 11, 1, 1, 1),
('2013-06-25 02:07:42', 34, 12, 1, 1, 1),
('2013-06-25 02:07:42', 34, 13, 1, 1, 1),
('2013-06-25 02:07:42', 34, 14, 1, 1, 1),
('2013-06-25 02:07:42', 34, 15, 1, 1, 1),
('2013-06-25 02:07:42', 34, 16, 1, 1, 1),
('2013-06-25 02:07:42', 34, 17, 1, 1, 1),
('2013-06-25 02:07:42', 34, 18, 1, 1, 1),
('2013-06-25 02:07:42', 34, 19, 1, 1, 1),
('2013-06-25 02:07:42', 34, 20, 1, 1, 1),
('2013-06-25 02:07:42', 34, 21, 1, 1, 1),
('2013-06-26 23:06:12', 35, 3, 0, 1, 1),
('2013-07-16 01:25:22', 36, 1, 0, 0, 0),
('2013-07-16 01:25:22', 37, 1, 0, 0, 0),
('2013-07-16 01:25:22', 39, 1, 0, 0, 0),
('2013-06-29 08:56:29', 39, 2, 0, 1, 0),
('2013-06-30 19:26:54', 39, 3, 0, 1, 1),
('2013-06-26 21:36:55', 39, 4, 1, 1, 0),
('2013-06-25 02:16:28', 39, 5, 1, 1, 1),
('2013-06-25 02:16:28', 39, 6, 1, 1, 1),
('2013-06-25 02:16:28', 39, 7, 1, 1, 1),
('2013-06-25 02:16:28', 39, 8, 1, 1, 1),
('2013-06-25 02:16:28', 39, 9, 1, 1, 1),
('2013-06-25 02:16:28', 39, 10, 1, 1, 1),
('2013-06-25 02:16:28', 39, 11, 1, 1, 1),
('2013-06-25 02:16:28', 39, 12, 1, 1, 1),
('2013-06-25 02:16:28', 39, 13, 1, 1, 1),
('2013-06-25 02:16:28', 39, 14, 1, 1, 1),
('2013-06-25 02:16:28', 39, 15, 1, 1, 1),
('2013-06-25 02:16:28', 39, 16, 1, 1, 1),
('2013-06-25 02:16:28', 39, 17, 1, 1, 1),
('2013-06-25 02:16:28', 39, 18, 1, 1, 1),
('2013-06-25 02:16:28', 39, 19, 1, 1, 1),
('2013-06-25 02:16:28', 39, 20, 1, 1, 1),
('2013-06-25 02:16:28', 39, 21, 1, 1, 1),
('2013-06-29 08:56:29', 40, 2, 0, 1, 0),
('2013-06-25 02:18:32', 41, 3, 1, 1, 1),
('2013-07-16 01:25:22', 42, 1, 0, 0, 0),
('2013-07-20 04:49:20', 43, 3, 0, 1, 1),
('2013-06-26 21:36:48', 44, 4, 1, 1, 0),
('2013-06-26 21:40:34', 46, 4, 1, 1, 1),
('2013-06-29 08:56:29', 47, 2, 0, 1, 0),
('2013-07-16 01:25:22', 48, 1, 0, 0, 0),
('2013-07-16 01:25:22', 49, 1, 0, 0, 0),
('2013-07-16 01:25:22', 50, 1, 0, 0, 0),
('2013-07-16 01:25:22', 51, 1, 0, 0, 0),
('2013-07-16 01:25:22', 52, 1, 1, 0, 0),
('2013-07-16 01:25:22', 53, 1, 1, 0, 0),
('2013-07-16 01:25:22', 54, 1, 1, 0, 0),
('2013-07-16 01:25:22', 55, 1, 1, 0, 0),
('2013-07-16 01:25:22', 56, 1, 1, 0, 0),
('2013-07-16 01:25:22', 57, 1, 1, 0, 0),
('2013-07-16 01:25:22', 58, 1, 1, 0, 0),
('2013-07-16 01:25:22', 59, 1, 1, 0, 0),
('2013-07-16 01:25:22', 60, 1, 0, 0, 0),
('2013-07-16 01:25:22', 61, 1, 1, 0, 0),
('2013-07-16 01:25:22', 62, 1, 1, 0, 0),
('2013-07-16 01:25:22', 63, 1, 1, 0, 0),
('2013-07-16 01:25:22', 64, 1, 1, 0, 0),
('2013-07-16 01:25:22', 65, 1, 1, 0, 0),
('2013-07-16 01:25:22', 66, 1, 1, 0, 0),
('2013-07-16 01:25:22', 67, 1, 1, 0, 0),
('2013-07-16 01:25:22', 68, 1, 0, 0, 0),
('2013-07-16 01:25:22', 69, 1, 1, 0, 0),
('2013-07-16 01:25:22', 70, 1, 1, 0, 0),
('2013-07-16 01:25:22', 71, 1, 1, 0, 0),
('2013-07-16 01:25:22', 72, 1, 0, 0, 0),
('2013-07-16 01:25:22', 73, 1, 1, 0, 0),
('2013-07-16 01:25:22', 74, 1, 1, 0, 0),
('2013-07-16 01:25:22', 75, 1, 1, 0, 0),
('2013-07-16 01:25:22', 76, 1, 1, 0, 0),
('2013-07-16 01:25:22', 77, 1, 1, 0, 0),
('2013-07-16 01:25:22', 78, 1, 1, 0, 0),
('2013-07-16 01:25:22', 79, 1, 1, 0, 0),
('2013-07-16 01:25:22', 80, 1, 1, 0, 0),
('2013-07-16 01:25:22', 81, 1, 1, 0, 0),
('2013-07-16 01:25:22', 82, 1, 1, 0, 0),
('2013-07-16 01:25:22', 83, 1, 1, 0, 0),
('2013-07-16 01:25:22', 84, 1, 1, 0, 0),
('2013-07-16 01:25:22', 85, 1, 1, 0, 0),
('2013-07-16 01:25:22', 86, 1, 1, 0, 0),
('2013-07-16 01:25:22', 87, 1, 1, 0, 0),
('2013-07-16 01:25:22', 88, 1, 1, 0, 0),
('2013-07-16 01:25:22', 89, 1, 1, 0, 0),
('2013-07-16 01:25:22', 90, 1, 1, 0, 0),
('2013-07-16 01:25:22', 91, 1, 1, 0, 0),
('2013-07-16 01:25:22', 92, 1, 1, 0, 0),
('2013-07-16 01:25:22', 93, 1, 1, 0, 0),
('2013-07-16 01:25:22', 94, 1, 1, 0, 0),
('2013-07-16 01:25:22', 95, 1, 1, 0, 0),
('2013-07-16 01:25:22', 96, 1, 1, 0, 0),
('2013-07-16 01:25:22', 97, 1, 1, 0, 0),
('2013-07-16 01:25:22', 98, 1, 1, 0, 0),
('2016-04-09 13:02:12', 99, 1, 0, 0, 0),
('2013-07-16 01:25:22', 100, 1, 1, 0, 0),
('2013-07-16 01:25:22', 101, 1, 1, 0, 0),
('2013-07-16 01:25:22', 102, 1, 1, 0, 0),
('2013-07-16 01:25:22', 103, 1, 1, 0, 0),
('2013-07-16 01:25:22', 104, 1, 1, 0, 0),
('2013-07-16 01:25:22', 105, 1, 1, 0, 0),
('2013-07-16 01:25:22', 106, 1, 1, 0, 0),
('2013-07-16 01:25:22', 107, 1, 1, 0, 0),
('2013-07-16 01:25:22', 108, 1, 1, 0, 0),
('2013-07-16 01:25:22', 109, 1, 1, 0, 0),
('2013-07-16 01:25:22', 110, 1, 1, 0, 0),
('2013-07-16 01:25:22', 111, 1, 1, 0, 0),
('2013-07-16 01:25:22', 112, 1, 0, 0, 0),
('2013-07-16 01:25:22', 113, 1, 1, 0, 0),
('2013-07-16 01:25:22', 114, 1, 1, 0, 0),
('2013-07-16 01:25:22', 115, 1, 1, 0, 0),
('2013-07-16 01:25:22', 116, 1, 1, 0, 0),
('2013-07-16 01:25:22', 117, 1, 1, 0, 0),
('2013-07-16 01:25:22', 118, 1, 1, 0, 0),
('2013-07-16 01:25:22', 119, 1, 0, 0, 0),
('2013-07-16 01:25:22', 120, 1, 1, 0, 0),
('2013-07-16 01:25:22', 121, 1, 1, 0, 0),
('2013-07-16 01:25:22', 122, 1, 1, 0, 0),
('2013-07-16 01:25:22', 123, 1, 1, 0, 0),
('2013-07-16 01:25:22', 124, 1, 1, 0, 0),
('2013-07-16 01:25:22', 125, 1, 1, 0, 0),
('2013-07-16 01:25:22', 126, 1, 1, 0, 0),
('2013-07-16 01:25:22', 127, 1, 0, 0, 0),
('2013-07-16 01:25:22', 128, 1, 1, 0, 0),
('2013-07-16 01:25:22', 129, 1, 1, 0, 0),
('2013-07-16 01:25:22', 130, 1, 1, 0, 0),
('2013-07-16 01:25:22', 131, 1, 0, 0, 0),
('2013-07-16 01:25:22', 132, 1, 1, 0, 0),
('2013-07-16 01:25:22', 133, 1, 1, 0, 0),
('2013-07-16 01:25:22', 134, 1, 1, 0, 0),
('2013-07-16 01:25:22', 135, 1, 1, 0, 0),
('2013-06-29 08:56:10', 136, 2, 0, 1, 0),
('2013-06-29 08:56:57', 137, 2, 0, 1, 1),
('2013-06-29 08:56:50', 138, 2, 0, 1, 1),
('2013-06-29 08:56:05', 139, 2, 0, 1, 0),
('2013-06-29 08:56:05', 140, 2, 0, 1, 0),
('2013-06-29 08:56:05', 141, 2, 0, 1, 0),
('2013-07-16 01:25:22', 142, 1, 0, 0, 0),
('2013-07-16 01:25:22', 143, 1, 0, 0, 0),
('2013-06-29 23:13:59', 143, 2, 0, 1, 1),
('2013-06-30 19:26:05', 143, 3, 0, 1, 1),
('2013-06-29 23:13:25', 143, 4, 1, 1, 1),
('2013-06-29 23:13:25', 143, 5, 1, 1, 1),
('2013-06-29 23:13:25', 143, 6, 1, 1, 1),
('2013-06-29 23:13:25', 143, 7, 1, 1, 1),
('2013-06-29 23:13:25', 143, 8, 1, 1, 1),
('2013-06-29 23:13:25', 143, 9, 1, 1, 1),
('2013-06-29 23:13:25', 143, 10, 1, 1, 1),
('2013-06-29 23:13:25', 143, 11, 1, 1, 1),
('2013-06-29 23:13:25', 143, 12, 1, 1, 1),
('2013-06-29 23:13:25', 143, 13, 1, 1, 1),
('2013-06-29 23:13:25', 143, 14, 1, 1, 1),
('2013-06-29 23:13:25', 143, 15, 1, 1, 1),
('2013-06-29 23:13:25', 143, 16, 1, 1, 1),
('2013-06-29 23:13:25', 143, 17, 1, 1, 1),
('2013-06-29 23:13:25', 143, 18, 1, 1, 1),
('2013-06-29 23:13:25', 143, 19, 1, 1, 1),
('2013-06-29 23:13:25', 143, 20, 1, 1, 1),
('2013-06-29 23:24:52', 143, 21, 0, 1, 1),
('2013-06-29 23:24:44', 144, 21, 0, 1, 1),
('2013-07-16 01:25:22', 145, 1, 0, 0, 0),
('2013-06-30 01:06:40', 146, 2, 0, 1, 1),
('2013-07-13 22:27:54', 147, 2, 1, 1, 1),
('2013-07-16 02:09:09', 148, 2, 0, 1, 1),
('2013-07-16 02:09:43', 149, 1, 0, 1, 1),
('2013-07-18 03:37:42', 152, 1, 0, 1, 1),
('2013-07-18 03:39:37', 153, 30, 0, 1, 1),
('2013-07-18 03:49:06', 154, 1, 0, 1, 1),
('2013-07-18 03:50:21', 155, 30, 0, 1, 1),
('2013-07-18 03:51:58', 156, 1, 0, 1, 1),
('2013-07-18 03:52:57', 157, 30, 1, 1, 1),
('2013-07-20 04:13:11', 160, 1, 0, 1, 1),
('2013-07-20 04:12:19', 160, 2, 1, 1, 1),
('2013-07-20 04:12:19', 160, 3, 1, 1, 1),
('2013-07-20 04:12:19', 160, 4, 1, 1, 1),
('2013-07-20 04:12:19', 160, 5, 1, 1, 1),
('2013-07-20 04:12:19', 160, 6, 1, 1, 1),
('2013-07-20 04:12:19', 160, 7, 1, 1, 1),
('2013-07-20 04:12:19', 160, 8, 1, 1, 1),
('2013-07-20 04:12:19', 160, 9, 1, 1, 1),
('2013-07-20 04:12:19', 160, 10, 1, 1, 1),
('2013-07-20 04:12:19', 160, 11, 1, 1, 1),
('2013-07-20 04:12:19', 160, 12, 1, 1, 1),
('2013-07-20 04:12:19', 160, 13, 1, 1, 1),
('2013-07-20 04:12:19', 160, 14, 1, 1, 1),
('2013-07-20 04:12:19', 160, 15, 1, 1, 1),
('2013-07-20 04:12:19', 160, 16, 1, 1, 1),
('2013-07-20 04:12:19', 160, 17, 1, 1, 1),
('2013-07-20 04:12:19', 160, 18, 1, 1, 1),
('2013-07-20 04:12:19', 160, 19, 1, 1, 1),
('2013-07-20 04:12:19', 160, 20, 1, 1, 1),
('2013-07-20 04:12:19', 160, 21, 1, 1, 1),
('2013-07-20 04:12:19', 160, 22, 1, 1, 1),
('2013-07-20 04:12:19', 160, 23, 1, 1, 1),
('2013-07-20 04:12:19', 160, 23, 1, 1, 1),
('2016-04-13 19:15:58', 160, 25, 0, 1, 1),
('2013-07-20 04:12:19', 160, 26, 1, 1, 1),
('2013-07-20 04:12:19', 160, 27, 1, 1, 1),
('2013-07-20 04:12:19', 160, 28, 1, 1, 1),
('2013-07-20 04:12:19', 160, 29, 1, 1, 1),
('2013-07-20 04:12:19', 160, 30, 1, 1, 1),
('2013-07-20 04:24:12', 161, 2, 1, 1, 1),
('2013-07-20 04:26:57', 162, 2, 0, 1, 1),
('2013-07-20 04:48:29', 163, 3, 0, 1, 1),
('2013-07-20 04:43:09', 164, 3, 0, 1, 1),
('2013-07-20 05:37:13', 165, 1, 0, 1, 1),
('2013-07-20 05:57:21', 166, 3, 0, 1, 1),
('2013-07-20 06:26:26', 167, 1, 0, 1, 1),
('2013-07-20 06:38:49', 168, 3, 0, 1, 1),
('2013-07-20 06:41:54', 169, 1, 0, 1, 1),
('2013-07-20 06:44:34', 170, 2, 0, 1, 1),
('2013-07-20 06:45:57', 171, 1, 0, 1, 1),
('2016-04-11 21:04:35', 172, 2, 0, 1, 1),
('2016-04-08 20:42:43', 173, 1, 0, 1, 1),
('2016-04-11 21:04:41', 173, 2, 0, 1, 1),
('2016-04-08 15:20:06', 173, 3, 1, 1, 1),
('2016-04-08 15:20:06', 173, 4, 1, 1, 1),
('2016-04-08 15:20:06', 173, 5, 1, 1, 1),
('2016-04-08 15:20:06', 173, 6, 1, 1, 1),
('2016-04-08 15:20:06', 173, 7, 1, 1, 1),
('2016-04-08 15:20:06', 173, 8, 1, 1, 1),
('2016-04-08 15:20:06', 173, 9, 1, 1, 1),
('2016-04-08 15:20:06', 173, 10, 1, 1, 1),
('2016-04-08 15:20:06', 173, 11, 1, 1, 1),
('2016-04-08 15:20:06', 173, 12, 1, 1, 1),
('2016-04-08 15:20:06', 173, 13, 1, 1, 1),
('2016-04-08 15:20:06', 173, 14, 1, 1, 1),
('2016-04-08 15:20:06', 173, 15, 1, 1, 1),
('2016-04-08 15:20:06', 173, 16, 1, 1, 1),
('2016-04-08 15:20:06', 173, 17, 1, 1, 1),
('2016-04-08 15:20:06', 173, 18, 1, 1, 1),
('2016-04-08 15:20:06', 173, 19, 1, 1, 1),
('2016-04-08 15:20:06', 173, 20, 1, 1, 1),
('2016-04-08 15:20:06', 173, 21, 1, 1, 1),
('2016-04-08 15:20:06', 173, 22, 1, 1, 1),
('2016-04-08 15:20:06', 173, 23, 1, 1, 1),
('2016-04-08 15:20:06', 173, 23, 1, 1, 1),
('2016-04-08 15:20:06', 173, 25, 1, 1, 1),
('2016-04-08 15:20:06', 173, 26, 1, 1, 1),
('2016-04-08 15:20:06', 173, 27, 1, 1, 1),
('2016-04-08 15:20:06', 173, 28, 1, 1, 1),
('2016-04-08 15:20:06', 173, 29, 1, 1, 1),
('2016-04-08 15:20:06', 173, 30, 1, 1, 1),
('2016-04-11 21:52:39', 175, 2, 1, 1, 1),
('2016-04-11 21:54:59', 176, 2, 0, 1, 1),
('2016-04-11 22:55:11', 177, 2, 1, 1, 1),
('2016-04-11 22:55:42', 177, 3, 0, 1, 1),
('2016-04-11 22:58:15', 178, 1, 1, 1, 1),
('2016-04-11 22:58:15', 178, 2, 1, 1, 1),
('2016-04-12 13:47:28', 179, 1, 0, 1, 1),
('2016-04-12 13:42:27', 179, 2, 1, 1, 1),
('2016-04-12 13:42:27', 179, 3, 1, 1, 1),
('2016-04-12 13:42:27', 179, 4, 1, 1, 1),
('2016-04-12 13:42:27', 179, 5, 1, 1, 1),
('2016-04-12 13:42:27', 179, 6, 1, 1, 1),
('2016-04-12 13:42:27', 179, 7, 1, 1, 1),
('2016-04-12 13:42:27', 179, 8, 1, 1, 1),
('2016-04-12 13:42:27', 179, 9, 1, 1, 1),
('2016-04-12 13:42:27', 179, 10, 1, 1, 1),
('2016-04-12 13:42:27', 179, 11, 1, 1, 1),
('2016-04-12 13:42:27', 179, 12, 1, 1, 1),
('2016-04-12 13:42:27', 179, 13, 1, 1, 1),
('2016-04-12 13:42:27', 179, 14, 1, 1, 1),
('2016-04-12 13:42:27', 179, 15, 1, 1, 1),
('2016-04-12 13:42:27', 179, 16, 1, 1, 1),
('2016-04-12 13:42:27', 179, 17, 1, 1, 1),
('2016-04-12 13:42:27', 179, 18, 1, 1, 1),
('2016-04-12 13:42:27', 179, 19, 1, 1, 1),
('2016-04-12 13:42:27', 179, 20, 1, 1, 1),
('2016-04-12 13:42:27', 179, 21, 1, 1, 1),
('2016-04-12 13:42:27', 179, 22, 1, 1, 1),
('2016-04-12 13:42:27', 179, 23, 1, 1, 1),
('2016-04-12 13:42:27', 179, 23, 1, 1, 1),
('2016-04-12 13:42:27', 179, 25, 1, 1, 1),
('2016-04-12 13:42:27', 179, 26, 1, 1, 1),
('2016-04-12 13:42:27', 179, 27, 1, 1, 1),
('2016-04-12 13:42:27', 179, 28, 1, 1, 1),
('2016-04-12 13:42:27', 179, 29, 1, 1, 1),
('2016-04-12 13:42:27', 179, 30, 1, 1, 1),
('2016-04-14 12:33:18', 180, 1, 0, 1, 1),
('2016-04-12 21:47:42', 180, 2, 0, 1, 1),
('2016-04-12 21:47:22', 180, 3, 1, 1, 1),
('2016-04-12 21:47:22', 180, 4, 1, 1, 1),
('2016-04-12 21:47:22', 180, 5, 1, 1, 1),
('2016-04-12 21:47:22', 180, 6, 1, 1, 1),
('2016-04-12 21:47:22', 180, 7, 1, 1, 1),
('2016-04-12 21:47:22', 180, 8, 1, 1, 1),
('2016-04-12 21:47:22', 180, 9, 1, 1, 1),
('2016-04-12 21:47:22', 180, 10, 1, 1, 1),
('2016-04-12 21:47:22', 180, 11, 1, 1, 1),
('2016-04-12 21:47:22', 180, 12, 1, 1, 1),
('2016-04-12 21:47:22', 180, 13, 1, 1, 1),
('2016-04-12 21:47:22', 180, 14, 1, 1, 1),
('2016-04-12 21:47:22', 180, 15, 1, 1, 1),
('2016-04-12 21:47:22', 180, 16, 1, 1, 1),
('2016-04-12 21:47:22', 180, 17, 1, 1, 1),
('2016-04-12 21:47:22', 180, 18, 1, 1, 1),
('2016-04-12 21:47:22', 180, 19, 1, 1, 1),
('2016-04-12 21:47:22', 180, 20, 1, 1, 1),
('2016-04-12 21:47:22', 180, 21, 1, 1, 1),
('2016-04-12 21:47:22', 180, 22, 1, 1, 1),
('2016-04-12 21:47:22', 180, 23, 1, 1, 1),
('2016-04-12 21:47:22', 180, 23, 1, 1, 1),
('2016-04-12 21:47:22', 180, 25, 1, 1, 1),
('2016-04-12 21:47:22', 180, 26, 1, 1, 1),
('2016-04-12 21:47:22', 180, 27, 1, 1, 1),
('2016-04-12 21:47:22', 180, 28, 1, 1, 1),
('2016-04-12 21:47:22', 180, 29, 1, 1, 1),
('2016-04-12 21:47:22', 180, 30, 1, 1, 1);

-- --------------------------------------------------------

--
-- Table structure for table `notice_body`
--

CREATE TABLE IF NOT EXISTS `notice_body` (
  `notice_id` varchar(10) DEFAULT NULL,
  `html_txt` text,
  KEY `notice_id` (`notice_id`)
) ENGINE=InnoDB DEFAULT CHARSET=latin1;

--
-- Dumping data for table `notice_body`
--

INSERT INTO `notice_body` (`notice_id`, `html_txt`) VALUES
('XqEj6Axb', '<h2>&nbsp; &nbsp; &nbsp; &nbsp; &nbsp; &nbsp; &nbsp; &nbsp; &nbsp; &nbsp; &nbsp; &nbsp; &nbsp; &nbsp; &nbsp; &nbsp; &nbsp; &nbsp; &nbsp;&nbsp;<span class="wysiwyg-color-blue">Dear City Flat Members</span></h2><b><span class="wysiwyg-color-green">Notification:<br></span></b><span class="wysiwyg-color-blue"><br><b><span class="wysiwyg-color-green">Timings : 12/03/2013<br></span></b><br><b>Agenda:</b><br><br></span><ul><li><span class="wysiwyg-color-blue">Cleaning of Swimming pool</span></li><li>Cleaning of Garden</li></ul>'),
('5948HDkU', '<h2>&nbsp; &nbsp; &nbsp; &nbsp; &nbsp; &nbsp; &nbsp; &nbsp; &nbsp; &nbsp; &nbsp; &nbsp; &nbsp; &nbsp; &nbsp; &nbsp; &nbsp; &nbsp; &nbsp;&nbsp;<span class="wysiwyg-color-blue">Dear City Flat Members</span></h2><b><span class="wysiwyg-color-green">Notification:<br></span></b><span class="wysiwyg-color-blue"><br><b><span class="wysiwyg-color-green">Timings : 12/03/2013<br></span></b><br><b>Agenda:</b><br><br></span><ul><li><span class="wysiwyg-color-blue">Cleaning of Swimming pool</span></li><li>Cleaning of Garden</li></ul>'),
('PFx5Kpe5', '<h2><b>Hi City Flat Member Get Up</b></h2><br><br><b><i>New Offers On Notice Board.</i></b><br><br><br><b>Hurry.......</b>'),
('7PsfiDjr', '<h2>svsdfvsdfvsdfvsdfvsdfvsdfv</h2><b>vsdvsdfv</b><br><ol><li>sdfvsdfvsdfvsdfvsdfvsdfvsdfv</li><li>dvfsdfvsdfvsdffvsdfvsdfvsdfv</li><li><i></i>sdfvsdfvsdfvsdfvsdfvsdfvsdfv</li></ol>&nbsp;ashckashdcklahsj;lk askjhvaklsjhvjklashv &nbsp; aljfdl;kjaslfdkjkas f;ffl;aj;j LLLLL<br>lcnaskldckljasdkljfchasjkldfhcnk kjsajkdfhkljahdfk ksahjc klashfkjash &nbsp;LLL<br>,nklasndfklahsdkljf kasdf klhsjfkhasklfjnaskljfdhjaksd fkas hksljhksjhfklas LLL<br><br>acnaslkcnlkasnckjnas<br><br><br>Regards,<br>asmdcgbkasbncdlk<br><br><br>'),
('YWbGJRM8', '<h2>&nbsp;<span class="wysiwyg-color-blue">Dear City Flat Members</span></h2><b><span class="wysiwyg-color-green">Notification:<br></span></b><span class="wysiwyg-color-blue"><br><b><span class="wysiwyg-color-green">Timings : 12/03/2013<br></span></b><br><b>Agenda:</b><br><br></span><ul><li><span class="wysiwyg-color-blue">Cleaning of Swimming pool</span></li><li>Cleaning of Garden</li></ul>'),
('xxx0xxx', '<h3> No Admin Notices Found </h3>'),
('aUbHmgMf', '<h2><span class="wysiwyg-color-blue">Dear City Flat Members</span></h2><b><span class="wysiwyg-color-green">Notification:<br></span></b><span class="wysiwyg-color-blue"><br><b><span class="wysiwyg-color-green">Timings : 12/03/2013<br></span></b><br><b>Agenda:</b><br><br></span><ul><li><span class="wysiwyg-color-blue">Cleaning of Swimming pool</span></li><li>Cleaning of Garden</li></ul>'),
('2ECztRPO', '<h2><span class="wysiwyg-color-blue">Dear City Flat Members</span></h2><b><span class="wysiwyg-color-green">Notification:<br></span></b><span class="wysiwyg-color-blue"><br><b><span class="wysiwyg-color-green">Timings : 12/03/2013<br></span></b><br><b>Agenda:</b><br><br></span><ul><li><span class="wysiwyg-color-blue">Cleaning of Swimming pool</span></li><li>Cleaning of Garden</li></ul>'),
('r7tcnKp7', '&nbsp; &nbsp; &nbsp; &nbsp; &nbsp; &nbsp; &nbsp; &nbsp; &nbsp; &nbsp; &nbsp; &nbsp; &nbsp; &nbsp; &nbsp; &nbsp; &nbsp; &nbsp; &nbsp; &nbsp; &nbsp; &nbsp; &nbsp; &nbsp; &nbsp; &nbsp; &nbsp; &nbsp; <b>&nbsp;Hello Dear City flat Citizens<br><br>&nbsp; &nbsp; &nbsp; &nbsp; 1. &nbsp;AAAAAAAAAAAAAAA<br>&nbsp; &nbsp; &nbsp; &nbsp; 2. &nbsp;BBBBBBBBBBBBBBB<br>&nbsp; &nbsp; &nbsp; &nbsp; 3. &nbsp;CCCCCCCCCCCCCCC</b>'),
('pA3eUVfs', '&nbsp; &nbsp; &nbsp; &nbsp; &nbsp; &nbsp; &nbsp; &nbsp; &nbsp; &nbsp; &nbsp; &nbsp; &nbsp; &nbsp;Dear City Citizens,<br><br>Agensda: Meeting<br><br>Issues:<br><br><ul><li>Cleaning of Gardens.</li><li>Parking of cars inconvinience</li><li>Swiming pool cleaning</li><li>Seurity</li></ul>Meeting Times :11/12/13 &nbsp;12 PM<br><br>Place : community Hall<br><br>'),
('rF8dqbSU', 'Hello Dear Flst Memmbers .<br>Notice Heere<br>dvndlknv<br>sdnvkldnsv<br>]'),
('PYpybdf7', '<h2><ol><li>This is Notice All occupants are re<b><i></i></b><b><i></i></b>quested assemble at park place to attend fire Drill excercise.</li></ol></h2>-Admin<br><br>&amp;n     bsp;'),
('nxKT2hdb', '<ul><li><span class="wysiwyg-color-red"><b><span class="wysiwyg-color-green">Yor all requested to attend 3 annual meeting of our community</span></b></span></li><li><span class="wysiwyg-color-red"><b><span class="wysiwyg-color-green">Please bring all family Members</span></b><span class="wysiwyg-color-green">.</span></span></li><li><span class="wysiwyg-color-green"><b>Snacks are arranged.</b></span></li><li><span class="wysiwyg-color-green"></span></li></ul>');

-- --------------------------------------------------------

--
-- Table structure for table `notice_info`
--

CREATE TABLE IF NOT EXISTS `notice_info` (
  `date` timestamp NOT NULL DEFAULT CURRENT_TIMESTAMP ON UPDATE CURRENT_TIMESTAMP,
  `notice_id` varchar(10) NOT NULL DEFAULT '',
  `active_flag` int(11) DEFAULT NULL,
  `delete_flag` int(11) DEFAULT NULL,
  PRIMARY KEY (`notice_id`)
) ENGINE=InnoDB DEFAULT CHARSET=latin1;

--
-- Dumping data for table `notice_info`
--

INSERT INTO `notice_info` (`date`, `notice_id`, `active_flag`, `delete_flag`) VALUES
('2013-07-08 02:02:24', '2ECztRPO', 0, 0),
('2013-07-08 00:08:21', '5948HDkU', 0, 1),
('2013-07-08 00:08:30', '7PsfiDjr', 0, 1),
('2013-07-08 01:48:21', 'aUbHmgMf', 0, 0),
('2016-04-12 14:32:37', 'nxKT2hdb', 1, 0),
('2013-07-13 22:49:34', 'pA3eUVfs', 0, 0),
('2013-07-07 23:58:41', 'PFx5Kpe5', 0, 0),
('2016-04-12 14:32:37', 'PYpybdf7', 0, 0),
('2013-07-09 05:55:25', 'r7tcnKp7', 0, 0),
('2016-04-12 13:46:49', 'rF8dqbSU', 0, 0),
('2013-07-07 20:43:13', 'XqEj6Axb', 0, 0),
('2013-07-08 02:08:26', 'xxx0xxx', 0, 0),
('2013-07-08 01:45:58', 'YWbGJRM8', 0, 0),
('2013-07-08 00:07:59', '_fmU3IZi', 0, 1);

-- --------------------------------------------------------

--
-- Table structure for table `t_persession`
--

CREATE TABLE IF NOT EXISTS `t_persession` (
  `sid` varchar(50) DEFAULT NULL,
  `uid` int(11) DEFAULT NULL,
  `o_count` int(11) DEFAULT NULL,
  `logged_time` timestamp NOT NULL DEFAULT CURRENT_TIMESTAMP ON UPDATE CURRENT_TIMESTAMP,
  `is_logged_in` int(11) DEFAULT NULL,
  `is_logged_out` int(11) DEFAULT NULL,
  KEY `uid` (`uid`)
) ENGINE=InnoDB DEFAULT CHARSET=latin1;

--
-- Dumping data for table `t_persession`
--

INSERT INTO `t_persession` (`sid`, `uid`, `o_count`, `logged_time`, `is_logged_in`, `is_logged_out`) VALUES
('7da69b4d245b67420241d78bbfe4b607', 1, 0, '2013-06-06 07:35:14', 1, 0),
('7da69b4d245b67420241d78bbfe4b607', 1, 0, '2013-06-06 07:37:13', 1, 0),
('d9ad3fc4a53700d4c265e9b718b94dc3', 1, 0, '2013-06-06 08:14:12', 1, 0),
('cfc67bf714af5d7c33e5320159190d39', 1, 0, '2013-06-06 08:18:01', 1, 0),
('aa2ecd5c4ad55a85007e8563a499df7b', 1, 0, '2013-06-06 08:20:39', 1, 0),
('7047e5a578c6fa8cf262eb3f0da86f15', 1, 0, '2013-06-06 08:21:14', 1, 0),
('df04848236b0dbc0b8cfecffe7143ea4', 2, 0, '2013-06-06 08:21:39', 1, 0),
('cc60d16b5522d4e49462ad877c261551', 1, 0, '2013-06-06 21:15:25', 1, 0),
('9242de47e91438f66382beac206a66c0', 1, 0, '2013-06-07 02:18:59', 1, 0),
('1a4e2a13afd6cbd9ed7300079e5240d2', 1, 0, '2013-06-07 02:22:59', 1, 0),
('eca477850eaba0112bd70a15d2d91161', 2, 0, '2013-06-07 07:59:37', 1, 0),
('25c1d40000c2b5897a3235caf92bf33c', 1, 0, '2013-06-07 08:08:49', 1, 0),
('a8f77e641b81c79f484f33e15131425a', 2, 0, '2013-06-07 08:17:42', 1, 0),
('0889a3fdf8a47eaa7592d5c8e7809739', 1, 0, '2013-06-07 08:18:25', 1, 0),
('0b4bfbb95b433b1771e94b9d30018e0b', 2, 0, '2013-06-07 08:36:54', 1, 0),
('d6885660496c7bbe902e1fe465c06625', 1, 0, '2013-06-07 08:57:36', 1, 0),
('5c20b8902334609a0a3f640a01e6e3ab', 2, 0, '2013-06-07 08:58:12', 1, 0),
('23fb87cc24d4dcad12c7477b18392ea2', 2, 0, '2013-06-07 18:05:22', 1, 0),
('5113f7a4715f3c069a25f6c5adf9f36d', 2, 0, '2013-06-07 22:07:35', 1, 0),
('cbb64aede5127b9cfc9eac60464f0998', 2, 0, '2013-06-08 02:08:39', 1, 0),
('3ff1574f1bc7c8e541e75a3f1f49a1a4', 3, 0, '2013-06-08 02:10:19', 1, 0),
('35b1641c86d65d4dc98f2803fe4c5d88', 1, 0, '2013-06-08 06:55:24', 1, 0),
('c3789067ff73c83860972d7601fdd397', 2, 0, '2013-06-08 06:56:26', 1, 0),
('5dd928ead5d97670c7e05e8c5dcf6385', 3, 0, '2013-06-08 06:58:43', 1, 0),
('a8013c2675cbb126bfce7ebb75127be2', 4, 0, '2013-06-08 06:59:48', 1, 0),
('869a8e490eaa4ffca59f8aebf8030f11', 2, 0, '2013-06-08 23:00:21', 1, 0),
('a98789354258dd39e5ff36abfd420cea', 1, 0, '2013-06-08 23:00:52', 1, 0),
('bdc47db9786138485faaac185b62718d', 3, 0, '2013-06-08 23:01:27', 1, 0),
('fab0fb4be3051cfa04896d2070eef02b', 1, 0, '2013-06-08 23:02:02', 1, 0),
('c0d8e6405994f28faf525c42b90a9c25', 1, 0, '2013-06-09 00:36:52', 1, 0),
('11a0ade41310d1a44336ec113319644a', 2, 0, '2013-06-09 00:39:37', 1, 0),
('f69a1debaf2a74a82fa59a526439b3b6', 1, 0, '2013-06-09 00:44:20', 1, 0),
('6cde69db289c9fb6d964669a5f10550a', 1, 0, '2013-06-09 00:52:14', 1, 0),
('d99a8e38782e96055cb6332849d36e89', 1, 0, '2013-06-13 04:27:10', 1, 0),
('64dea91b45d92d124f36252aa0226a37', 1, 0, '2013-06-16 00:18:10', 1, 0),
('df112b343525580b1dcb99cb89f55947', 1, 0, '2013-06-16 04:20:37', 1, 0),
('83d6a94dc29c5bac5437c326a62899b6', 1, 0, '2013-06-16 07:32:28', 1, 0),
('36e633d3596304036bd5e2f1271e0d6a', 1, 0, '2013-06-16 08:33:26', 1, 0),
('58083cf626d729a0766b1d51c65b3ad4', 1, 0, '2013-06-16 08:44:11', 1, 0),
('eddf39f02809a5ce984a4aa992e56a3e', 1, 0, '2013-06-16 08:45:59', 1, 0),
('85d00ca401b62ba7fac27f7c8f2616ed', 1, 0, '2013-06-16 08:46:57', 1, 0),
('cb59e8f6509257b3d0a45cda6d94bccf', 1, 0, '2013-06-16 19:07:10', 1, 0),
('5c727669aec381c3cbb5e5a81fd3bd3b', 15, 0, '2013-06-17 00:53:08', 1, 0),
('9c218ed3d8046e35b0e2986c8db3c5f1', 2, 0, '2013-06-17 00:58:06', 1, 0),
('9aefe64f4b1039c948441fa3b9a198b7', 15, 0, '2013-06-17 00:58:17', 1, 0),
('f5b2fbcd5c98af0b92903059078d5092', 14, 0, '2013-06-17 00:58:35', 1, 0),
('a61656b1c1e5e9b70d1f66469ca06afa', 13, 0, '2013-06-17 01:03:51', 1, 0),
('136b25615e4c9bbb8cf8ee29e28bb935', 4, 0, '2013-06-17 01:07:45', 1, 0),
('dac50c2e34b3981695bef0abe6951a70', 17, 0, '2013-06-17 01:12:32', 1, 0),
('ad5770d9501d53cb841d5a135206eafd', 9, 0, '2013-06-17 01:24:27', 1, 0),
('2502bf541362bb8abe54109b6cd8b319', 10, 0, '2013-06-17 01:27:22', 1, 0),
('a288095ef854c2d6437e760e9598ae3f', 11, 0, '2013-06-17 01:30:05', 1, 0),
('c041160284a8a10a6b823404eaab1cb3', 11, 0, '2013-06-17 01:32:49', 1, 0),
('5d4cf943412951c4dd51e9ffd8e83b78', 12, 0, '2013-06-17 01:33:22', 1, 0),
('924e451c1bb26ff00bb9ac0cfb7d7c69', 5, 0, '2013-06-17 01:36:25', 1, 0),
('7f97e0921e3730ec9a3245e7831b8b1d', 4, 0, '2013-06-17 01:41:12', 1, 0),
('ffa77f407cb3096120daf878dabdb5fb', 9, 0, '2013-06-17 01:46:46', 1, 0),
('ac109a24b61e33550155dc4527a35880', 6, 0, '2013-06-17 01:48:25', 1, 0),
('2d9bee0a98c48e9b5ea7e2ab1bbbe292', 10, 0, '2013-06-17 02:02:01', 1, 0),
('95918c2c7014b29ef59bdc68c15dda95', 7, 0, '2013-06-17 02:03:42', 1, 0),
('e62defd7209ed5fd4fe1528d61a8842a', 7, 0, '2013-06-17 02:08:25', 1, 0),
('1368746621c49f76d9c2882536a5d875', 8, 0, '2013-06-17 02:08:41', 1, 0),
('3004a38eb693bff7d0bc3378ca967290', 16, 0, '2013-06-17 02:10:39', 1, 0),
('6205822c3fd75e9be3cbb04fbaa310b8', 1, 0, '2013-06-17 02:13:15', 1, 0),
('7bcf468595bd476b68650e77734fcd0a', 18, 0, '2013-06-17 03:25:43', 1, 0),
('e2ba175330270e1b16514ac39c248ca9', 19, 0, '2013-06-17 03:34:46', 1, 0),
('f789fa68946ee15428ffdfc1accddbe6', 20, 0, '2013-06-17 03:47:21', 1, 0),
('805419f3fe4b0edacf4ab3a236f1c4d8', 7, 0, '2013-06-17 03:50:21', 1, 0),
('7471d57b09e8da28f5ec3b80a304585b', 1, 0, '2013-06-17 03:53:34', 1, 0),
('8457c3e4fbd0701d2e16e6172eec218b', 1, 0, '2013-06-17 23:17:09', 1, 0),
('be2dfb99e43d67100202f81a026a2d02', 1, 0, '2013-06-18 20:51:29', 1, 0),
('4042b2d2228b519940bad2afd05e7ff9', 1, 0, '2013-06-19 00:53:00', 1, 0),
('2f02407f1fcef41ec0c1ada3565aa275', 1, 0, '2013-06-19 05:19:40', 1, 0),
('ed4546900395cecfa509d544bc5a0318', 1, 0, '2013-06-22 00:03:15', 1, 0),
('bc0bb6d094c9e4923fa7eb1c778f023a', 3, 0, '2013-06-22 03:02:17', 1, 0),
('6f53b9a155d9f7f9e28fa2769bace548', 2, 0, '2013-06-22 03:05:58', 1, 0),
('df0c2321db91b430d13b1017721e1329', 2, 0, '2013-06-22 03:08:25', 1, 0),
('dcec86aa8447d9c98dce2b8c43804ded', 1, 0, '2013-06-22 03:13:20', 1, 0),
('f34a6e36b31294101937999b5fc1f0c3', 2, 0, '2013-06-22 03:14:30', 1, 0),
('97815c59958d657dd985645e17256ede', 2, 0, '2013-06-22 04:33:06', 1, 0),
('1df982bc51a69964e86a570be35256fe', 1, 0, '2013-06-22 04:46:19', 1, 0),
('70347b2dd419416b1fd08635f71af6b8', 2, 0, '2013-06-22 04:47:04', 1, 0),
('f7ead8f0b377996840b58c6f1a314b54', 2, 0, '2013-06-22 04:54:07', 1, 0),
('7632fa9f2dded5a90439a4a1a3708215', 1, 0, '2013-06-22 04:54:22', 1, 0),
('2575e79268cb059a98f5dd8f42b722e0', 2, 0, '2013-06-22 04:55:09', 1, 0),
('8d0593a84140abb8666d03696a7ce108', 1, 0, '2013-06-22 04:56:05', 1, 0),
('ec9857ec3cccd46573966eba7b1c0445', 2, 0, '2013-06-22 04:56:45', 1, 0),
('c03e3bb4bddb418dbf475f62b8fe8249', 1, 0, '2013-06-22 06:20:11', 1, 0),
('caf2f28ba4155b96c4a963beedf5f174', 2, 0, '2013-06-22 06:20:28', 1, 0),
('2eed8271e2450112e98f7961504d725f', 1, 0, '2013-06-22 06:21:44', 1, 0),
('1c2fe8ebeca60ef01de9492567dbfca5', 1, 0, '2013-06-22 19:08:45', 1, 0),
('efe1b05be7c807f17a2d7798fddce2dd', 2, 0, '2013-06-22 19:37:04', 1, 0),
('ebfe3c78aa7cbb25bdc08d1897228af0', 1, 0, '2013-06-22 19:38:28', 1, 0),
('8661afd1ffe627844842fdd90d931c3c', 2, 0, '2013-06-22 19:39:22', 1, 0),
('95b867e096e012fdccb61f0455fbe2f5', 2, 0, '2013-06-22 20:07:33', 1, 0),
('4a9b0e474ace7db3415f8e95c6e0cf45', 1, 0, '2013-06-22 20:30:35', 1, 0),
('c81c532fe66db102667101038fbad5da', 2, 0, '2013-06-22 20:31:30', 1, 0),
('98b2ee3be0de607b4f01befe88b0d7a8', 1, 0, '2013-06-22 20:55:06', 1, 0),
('34874b7aa87d50b8b8fe96fd7dc6125f', 3, 0, '2013-06-22 20:55:28', 1, 0),
('f2d60f0e32afee8d2f8aa7410f6f4fae', 2, 0, '2013-06-22 20:56:40', 1, 0),
('e9fdaa4c01585bb880f7160ba9cecbc6', 1, 0, '2013-06-23 00:20:39', 1, 0),
('adc0fdc5f7324bbf5850ebf339754a50', 2, 0, '2013-06-23 00:23:33', 1, 0),
('77e7b2d558500b1131d9c107bf67ba76', 1, 0, '2013-06-23 00:44:02', 1, 0),
('f5beb6063858146ec50f313a0cd10e43', 2, 0, '2013-06-23 01:03:48', 1, 0),
('f20952eaeb50ebeb2d4d122b2e4097bd', 4, 0, '2013-06-23 01:04:45', 1, 0),
('550d46d196e7b779aa45ced58ec5e89e', 4, 0, '2013-06-23 01:34:02', 1, 0),
('4fc96f1bd5d70a20ce788f63960f33b2', 3, 0, '2013-06-23 01:36:50', 1, 0),
('934e8a909c069ea5292971b95821bfff', 4, 0, '2013-06-23 01:38:33', 1, 0),
('382ee228d05212dfed8351cbb6b44eca', 1, 0, '2013-06-23 02:53:13', 1, 0),
('4e7c01a6d5af084c7bf34a5cd01dbde2', 1, 0, '2013-06-23 18:12:46', 1, 0),
('7d37decba109d372315390999591288b', 14, 0, '2013-06-23 18:14:42', 1, 0),
('512e0628856014a32b49610f39b44bd2', 1, 0, '2013-06-24 01:20:51', 1, 0),
('0570b6225747fd08fc6177f0a876fd2f', 1, 0, '2013-06-24 06:30:43', 1, 0),
('dcd157b0585b550bb99100ee2daa247c', 2, 0, '2013-06-24 06:39:05', 1, 0),
('e17deee5fc262973d23f025fa6cbe6b6', 1, 0, '2013-06-24 06:43:02', 1, 0),
('2e2643fe7ca254d35b8b88d10f9bc488', 2, 0, '2013-06-24 07:07:44', 1, 0),
('decbd9594dd4280817e0f4f96dca624d', 1, 0, '2013-06-24 07:08:17', 1, 0),
('6043e65411a34b214344599ef7f474a9', 1, 0, '2013-06-24 20:41:00', 1, 0),
('4594caffa2d11084ef2cf05752b31e08', 1, 0, '2013-06-25 02:06:11', 1, 0),
('b6278b40bf4b3f646c5bc98dded11053', 2, 0, '2013-06-25 02:08:23', 1, 0),
('69844ec9a3625d53b90c1e2d650ff998', 1, 0, '2013-06-25 02:16:59', 1, 0),
('0647c646d3ae4908fdb3cad27ffc915f', 2, 0, '2013-06-25 02:17:43', 1, 0),
('38a2038a09fbbb5438e93db1896266a6', 1, 0, '2013-06-26 04:00:05', 1, 0),
('5f6a4b57edcd6e049799cb29321aa3c0', 1, 0, '2013-06-26 07:49:57', 1, 0),
('457c09a207975daad68db32f8023bb23', 1, 0, '2013-06-26 18:17:59', 1, 0),
('f4712c693ee61cc12a267cccbf8b8503', 3, 0, '2013-06-26 21:29:18', 1, 0),
('36bd414807a8736186e34bd611b1c199', 4, 0, '2013-06-26 21:36:18', 1, 0),
('3e8ceea957b7b44b4afb22edea23d195', 1, 0, '2013-06-26 21:40:00', 1, 0),
('4edfed37ab6c4ce94fb8c954532de769', 4, 0, '2013-06-26 21:40:54', 1, 0),
('df7f1fb3cd7be28782c2f6ac27444e1d', 1, 0, '2013-06-26 21:42:01', 1, 0),
('71c17becb63d84bd3c9a9b9f56f669a3', 4, 0, '2013-06-26 21:42:34', 1, 0),
('5114e9a01b53eaa05cf34b905f8cdd61', 2, 0, '2013-06-26 21:42:56', 1, 0),
('aed2aaa400b77eb798f46b16e96f3a6e', 1, 0, '2013-06-26 21:46:42', 1, 0),
('625f5528a1eee5d74331593dcf8dd73f', 2, 0, '2013-06-26 22:18:34', 1, 0),
('f1a6ed5e3e6795c509095d03097eba16', 2, 0, '2013-06-26 22:25:20', 1, 0),
('5f84b248ee98a65ab7d6dfbac3ae42aa', 3, 0, '2013-06-26 23:04:29', 1, 0),
('ea25b85b14c9732a7da52c0ef8ec1daa', 1, 0, '2013-06-26 23:06:50', 1, 0),
('6fe8adede6670d65bc6e520a318b05bf', 1, 0, '2013-06-27 03:10:35', 1, 0),
('394ddfe03da41c5d3d09b6456dbf007c', 2, 0, '2013-06-27 04:02:10', 1, 0),
('4eccf4f54957c9367960360226736e48', 1, 0, '2013-06-27 04:04:20', 1, 0),
('17537fe671ab28151dff2b7154bb97b2', 3, 0, '2013-06-27 04:09:58', 1, 0),
('f51cb97656de7c39e497e64168bc2345', 1, 0, '2013-06-27 04:11:25', 1, 0),
('e9f7613a04d23bdaaf9d34eeb05a1ba2', 2, 0, '2013-06-27 07:29:18', 1, 0),
('7e7b17f64a6ab16f4e0e76ac7f76438f', 1, 0, '2013-06-27 07:33:30', 1, 0),
('42672c86aff8dd872377080aa6eab1a3', 1, 0, '2013-06-27 07:35:27', 1, 0),
('d4c8c02583b1fddf432006254f7b7739', 1, 0, '2013-06-27 07:35:55', 1, 0),
('35cf40a5b6a20cc79a0510d85c293d4d', 2, 0, '2013-06-27 07:36:14', 1, 0),
('0f4d0620e6d152e2f8ef481aa18d4740', 1, 0, '2013-06-27 07:36:58', 1, 0),
('b4aa844b92a30ade23842c0c487db669', 2, 0, '2013-06-27 07:38:47', 1, 0),
('fe6b2205a0e4299399e9feb48fb7dc61', 1, 0, '2013-06-27 07:39:25', 1, 0),
('c08dd5977c070ed3a6e9cc06829ba124', 2, 0, '2013-06-27 07:41:12', 1, 0),
('7e642666219bcf88ea1c552742651bf5', 1, 0, '2013-06-27 07:42:52', 1, 0),
('1da356ef8076c611ca3a0f48cfa3c14f', 1, 0, '2013-06-28 20:23:33', 1, 0),
('f3224e1b9ce994bb7911037694cb038e', 2, 0, '2013-06-28 20:26:34', 1, 0),
('715ec9c3ca41893c9ad698d343c54c72', 1, 0, '2013-06-28 20:27:10', 1, 0),
('51163b26c01f588cfb45ee6fd2c4b848', 2, 0, '2013-06-28 20:30:28', 1, 0),
('19eb67728535ec9bf0bed60f27052635', 1, 0, '2013-06-28 20:37:22', 1, 0),
('14c42a471e560c82a67bc33029a4a20f', 1, 0, '2013-06-29 07:42:35', 1, 0),
('25bde99c2f353443b1549ecf88459c58', 2, 0, '2013-06-29 08:47:35', 1, 0),
('3783bb83f272f8f8eea13d9daef72945', 2, 0, '2013-06-29 19:47:08', 1, 0),
('4e803b2f0781d6471f6e2edab55cdbbe', 1, 0, '2013-06-29 23:12:28', 1, 0),
('ce68bf5a3a639f40a74635ede9bc1efb', 2, 0, '2013-06-29 23:13:52', 1, 0),
('f3249d8f25d9c8748c4a812f82b5883d', 21, 0, '2013-06-29 23:18:41', 1, 0),
('6feea45c4c7e5df4bf572f7a0bbd8fc2', 1, 0, '2013-06-29 23:23:30', 1, 0),
('a208abccb80af8fe5ba548d01e7e0d9e', 21, 0, '2013-06-29 23:24:34', 1, 0),
('e2b3d1be07c14db68def5d06059091b8', 21, 0, '2013-06-29 23:25:41', 1, 0),
('326d9c8e6af79846a60075eb6a3acbc9', 1, 0, '2013-06-29 23:26:20', 1, 0),
('eb205967a35135ab92f8c2bf7c3b8321', 1, 0, '2013-06-30 00:20:29', 1, 0),
('e445cdf3b56d58547a1f365ec61cb1f1', 2, 0, '2013-06-30 00:53:34', 1, 0),
('aa8b604d70edcef23f74f7a6b3284c7b', 2, 0, '2013-06-30 01:06:33', 1, 0),
('b04afba471d0291cd909425a2d33ac49', 1, 0, '2013-06-30 01:07:26', 1, 0),
('476cd2756e7745bb0d5112b5e9a57364', 1, 0, '2013-06-30 01:29:30', 1, 0),
('0f67b9a2516888cdfbf4f377fce34276', 2, 0, '2013-06-30 04:54:52', 1, 0),
('924cd8e282da06c99688317db2aee029', 3, 0, '2013-06-30 04:55:22', 1, 0),
('dd5105b32d08a8a15dac6990cf343448', 1, 0, '2013-06-30 18:59:37', 1, 0),
('0be8be2a6775d5c4bd8be340adffd896', 2, 0, '2013-06-30 19:25:20', 1, 0),
('1b3a9603e528828e4a2697871e6ceecd', 3, 0, '2013-06-30 19:25:39', 1, 0),
('e7e9f563d0d3894b482bd837bb1c09f1', 3, 0, '2013-06-30 19:27:36', 1, 0),
('9f5baa6e35a4e5279fd32e93d1f90888', 3, 0, '2013-06-30 20:37:07', 1, 0),
('b3f7e84ce3a436c768f5ce64be482ab0', 22, 0, '2013-06-30 23:27:21', 1, 0),
('ab3ed33f7f6b143d7839d85723bdfa6a', 22, 0, '2013-06-30 23:28:50', 1, 0),
('ab3ed33f7f6b143d7839d85723bdfa6a', 22, 0, '2013-06-30 23:29:20', 1, 0),
('ab3ed33f7f6b143d7839d85723bdfa6a', 22, 0, '2013-06-30 23:29:49', 1, 0),
('ab3ed33f7f6b143d7839d85723bdfa6a', 22, 0, '2013-06-30 23:30:39', 1, 0),
('396b361fc5c6a6b0a4dba13d9d751265', 22, 0, '2013-07-01 05:00:49', 1, 0),
('201460eb118495a06e7e5fa00b35b8a1', 22, 0, '2013-07-01 07:55:18', 1, 0),
('9faa8a1706960eb8546e8751a897181e', 22, 0, '2013-07-01 18:47:38', 1, 0),
('0ed2bcd12df255f6e1770a0cb65a7c04', 22, 0, '2013-07-01 23:29:49', 1, 0),
('8698ed15d34112d42efeddf5f4ea6ccc', 22, 0, '2013-07-02 07:30:57', 1, 0),
('1e6d03533d13fc27b8e8820d6ef70d7f', 22, 0, '2013-07-02 08:48:55', 1, 0),
('b5a5d6194f4d06fb05605f11cb9c7937', 22, 0, '2013-07-04 00:16:57', 1, 0),
('8af22c998d45f82437eb4646d584ebfa', 22, 0, '2013-07-04 04:33:28', 1, 0),
('d5314cd2444648c066646efa0232229e', 22, 0, '2013-07-04 18:51:36', 1, 0),
('7fda8746a14157384b0bcb18594b2a76', 1, 0, '2013-07-04 22:17:52', 1, 0),
('d40b1c73290096968e46860fb47a7371', 22, 0, '2013-07-05 01:45:30', 1, 0),
('e53438031192fe18dc4861a9f711f59c', 22, 0, '2013-07-05 05:11:48', 1, 0),
('e53438031192fe18dc4861a9f711f59c', 22, 0, '2013-07-05 05:52:41', 1, 0),
('7c614f0d586d88dbd4c3a82879e4e7bc', 22, 0, '2013-07-06 03:03:49', 1, 0),
('501d839f7028e05faa62e2024f553fda', 22, 0, '2013-07-06 03:48:52', 1, 0),
('ff5bb1a494f9640e8fc7e8401f1d8e68', 22, 0, '2013-07-06 19:58:05', 1, 0),
('f99d8fb62fe4dba249b6666f56428699', 22, 0, '2013-07-07 00:03:32', 1, 0),
('0693f3432a3019d6ab67be91b8d5ed4b', 22, 0, '2013-07-07 07:07:58', 1, 0),
('9fa7acc2a0347ffde9e4cfa5773cee1b', 1, 0, '2013-07-07 08:49:34', 1, 0),
('6a3878295e5b34dce517e35c02049449', 1, 0, '2013-07-07 08:53:14', 1, 0),
('94113b6a856d57502a5c0f779827d7d4', 1, 0, '2013-07-07 19:13:04', 1, 0),
('40744a265f14ba043736f6393663d6f1', 22, 0, '2013-07-07 19:49:20', 1, 0),
('60f3aff1b0458e60cdb8749270627c89', 1, 0, '2013-07-07 20:56:08', 1, 0),
('f8bc0f29a8193d0a6759559343a4842e', 22, 0, '2013-07-07 20:56:38', 1, 0),
('2cb91601cc91c88ec4efce932d1092ff', 1, 0, '2013-07-07 20:58:23', 1, 0),
('dce7526dcbc2c0a4d4c0eba1d11428f8', 22, 0, '2013-07-07 21:00:48', 1, 0),
('1aa8ba777df54308e2b50e6ddcdf56f7', 1, 0, '2013-07-07 21:01:59', 1, 0),
('b1116701bc2fa5e5700ac0a2abbd3f6f', 22, 0, '2013-07-07 21:23:49', 1, 0),
('31f88206f7f65ebae73332df7e129048', 22, 0, '2013-07-08 01:45:31', 1, 0),
('bc585ef88f14bc419f17056cbe761acd', 1, 0, '2013-07-08 01:47:53', 1, 0),
('90c202bb6fb2904726b8beb3e345a7df', 22, 0, '2013-07-08 01:48:06', 1, 0),
('9f0fb910fbe112af40faff49e49b68c9', 1, 0, '2013-07-08 01:48:35', 1, 0),
('347ecf3716ae80f653b444abb1dd7662', 22, 0, '2013-07-08 01:58:52', 1, 0),
('7bf9a5a2f9af0b34efa7c7ad7bc9784e', 22, 0, '2013-07-09 02:15:47', 1, 0),
('a52b74c4bfa659ae5ee99900117a601f', 22, 0, '2013-07-09 05:48:44', 1, 0),
('b2f2c0b370d1faa36f150c302b614925', 22, 0, '2013-07-09 05:51:06', 1, 0),
('825695a20129477cee8a2500c801c859', 1, 0, '2013-07-09 05:51:38', 1, 0),
('10a2c0085507aea5563e237d936a39a5', 22, 0, '2013-07-09 05:52:24', 1, 0),
('b72308412d6027837ecc0819abaaf650', 1, 0, '2013-07-09 05:56:00', 1, 0),
('75977254db9e323dc8c7ca7f18a478c3', 22, 0, '2013-07-09 06:02:48', 1, 0),
('56577039df4e3f495b4f9deace08127e', 22, 0, '2013-07-09 19:23:05', 1, 0),
('374718b6b7a90c9c104f3cca847bbbab', 1, 0, '2013-07-09 21:36:08', 1, 0),
('63d65066676d3514acd57e40718d11e9', 22, 0, '2013-07-09 21:37:21', 1, 0),
('7e0bcf8f462b26fbce70260d52a32a8f', 1, 0, '2013-07-09 21:38:03', 1, 0),
('2e023de964174f23e1658db25349854d', 23, 0, '2013-07-09 21:38:35', 1, 0),
('4bf2695969bfdd0e63ba3cdb45e26eaa', 22, 0, '2013-07-09 21:45:45', 1, 0),
('932cb5930cf1a3468842efb81669a36a', 22, 0, '2013-07-09 21:47:02', 1, 0),
('b669e7995c73d3dda4673b61e88587fb', 1, 0, '2013-07-09 21:47:56', 1, 0),
('39c75baec94914783a1b6201c8e19b53', 1, 0, '2013-07-09 21:49:42', 1, 0),
('2caa4161600fa1a7cbe894382842bb74', 22, 0, '2013-07-09 21:49:54', 1, 0),
('31f80858e7cdf00b2f5809772e58ee2e', 22, 0, '2013-07-10 01:55:44', 1, 0),
('dc1949d694f6d1b5f032393d9cb909ff', 2, 0, '2013-07-10 04:41:55', 1, 0),
('9cea9fd15bb0fc5127aeb1eb7d8aa0c0', 2, 0, '2013-07-10 04:42:34', 1, 0),
('2ecb59d32d957f5f5f4b6fabfe88d70c', 22, 0, '2013-07-10 23:49:44', 1, 0),
('1e5b24af1ed036a61eb13999ee668851', 22, 0, '2013-07-11 07:29:27', 1, 0),
('b659525fb474a5bed53e8c1ac8dff5e0', 22, 0, '2013-07-11 07:30:49', 1, 0),
('422da30f118de6a00305f698e8128cbb', 22, 0, '2013-07-11 07:35:34', 1, 0),
('d3c9f28fe8ae9e5aec263990622917f2', 22, 0, '2013-07-11 08:47:13', 1, 0),
('52b55ee229235b5ab93f35a1b5527a52', 1, 0, '2013-07-11 18:10:38', 1, 0),
('272a1eb22107a279756f7c3edc61f169', 22, 0, '2013-07-13 04:33:41', 1, 0),
('3b35cb9bfa954085db0e4404b4414bec', 22, 0, '2013-07-13 19:03:54', 1, 0),
('b6f420fde610341f934ee5c551de3fe5', 1, 0, '2013-07-13 22:25:08', 1, 0),
('c9aa25dd446b0458f95e9abbcac7c392', 1, 0, '2013-07-13 22:25:49', 1, 0),
('dc7d76f804f0e25e5d8935f754120f5d', 22, 0, '2013-07-13 22:46:46', 1, 0),
('6e636af5d64b98c2697961a5e75ea4de', 1, 0, '2013-07-13 22:53:14', 1, 0),
('1d3f80c16fd6fbc8041896e3de21fac2', 1, 0, '2013-07-13 22:55:06', 1, 0),
('345791b8e5adf8bd019d9f6184bf49fb', 22, 0, '2013-07-14 02:52:39', 1, 0),
('c7d5bdd965d53d0992d23b35edb3f995', 1, 0, '2013-07-14 03:07:38', 1, 0),
('b652abde7767080e47aa6cb8585d8c14', 22, 0, '2013-07-14 03:11:32', 1, 0),
('09360eabadad1c562a8c99226b9ddb85', 1, 0, '2013-07-14 03:17:44', 1, 0),
('22adb40bf6ffe80b1fc228d86273fd0f', 22, 0, '2013-07-14 03:17:53', 1, 0),
('2dd52d10bc4dafb0fe912ce61febe92b', 22, 0, '2013-07-14 19:28:47', 1, 0),
('264711d420a48d9aae278dda3d225d5e', 22, 0, '2013-07-15 18:34:55', 1, 0),
('36e611a680616fafb9f4c7c2f62275ce', 22, 0, '2013-07-16 01:20:05', 1, 0),
('f3003f7aa61d4e6ca3581d2f30f7de00', 1, 0, '2013-07-16 01:26:37', 1, 0),
('7f01f244001846fcc631e34822b1cd34', 1, 0, '2013-07-16 01:28:00', 1, 0),
('14c6cddb3a5e373ea4dcb6dd41a93f3f', 22, 0, '2013-07-16 01:59:30', 1, 0),
('e35a74d26b70596431a20b29549b0da8', 1, 0, '2013-07-16 02:02:30', 1, 0),
('58f409ca402c8a927d69fd36af4e2dee', 2, 0, '2013-07-16 02:08:49', 1, 0),
('3244f0368fe7f60e0c75c211e88b96cd', 1, 0, '2013-07-16 02:09:37', 1, 0),
('a16d6812c11e371bed2f75529226072c', 22, 0, '2013-07-16 02:10:02', 1, 0),
('4cb9d5680cdc29a788fff152a0158cf2', 1, 0, '2013-07-16 02:10:54', 1, 0),
('849bb8536d7e6955038ed16fe557f867', 22, 0, '2013-07-16 02:11:04', 1, 0),
('6b93c726964d173445263b45c10c9c94', 22, 0, '2013-07-18 03:13:39', 1, 0),
('155c1be3dd883e6323fb602d75feb294', 22, 0, '2013-07-18 03:27:48', 1, 0),
('739b6fd35fe59bc7644167f0955ce266', 22, 0, '2013-07-18 03:36:36', 1, 0),
('9f7735a6075e8c5c14293cd236fdf66c', 1, 0, '2013-07-18 03:37:12', 1, 0),
('943d5c49449af16fcabed1e5a8450fc3', 27, 0, '2013-07-18 03:39:09', 1, 0),
('0b218eb0710ed5c63d0c531e02f2344e', 22, 0, '2013-07-18 03:39:22', 1, 0),
('e62e15cc72a09f26b7884e24d12771ae', 29, 0, '2013-07-18 03:40:44', 1, 0),
('7b02c2f12fc9bf46c2050a049e2266df', 1, 0, '2013-07-18 03:48:58', 1, 0),
('705f9adf761bc3b91ecfa77cd7bb65b1', 22, 0, '2013-07-18 03:50:14', 1, 0),
('96c06e85c742eb9abe3496abe7588fc5', 22, 0, '2013-07-18 03:51:20', 1, 0),
('e3075031adbc7b1f61ef8b55b9649df1', 1, 0, '2013-07-18 03:51:47', 1, 0),
('50a0b3fa337c114ae59f3f644265ff8b', 1, 0, '2013-07-18 04:18:31', 1, 0),
('8b2b12236dce5c61cd230d75d079d1d5', 1, 0, '2013-07-20 04:09:38', 1, 0),
('1b83a4d15b5af5d7ccfa4766db333ee4', 2, 0, '2013-07-20 04:10:16', 1, 0),
('97357e84d1b12f1a0f3f58cfa0346892', 22, 0, '2013-07-20 04:10:38', 1, 0),
('a06b183013279ccd8c53c5b4d9b885b8', 1, 0, '2013-07-20 04:13:00', 1, 0),
('cd4039a234435f819066fc3ed77261da', 1, 0, '2013-07-20 04:24:22', 1, 0),
('2c55fb9203392c41a860e9f1d1ee986c', 2, 0, '2013-07-20 04:26:37', 1, 0),
('59eaf2bcaec08ff61e097ffaa205e290', 3, 0, '2013-07-20 04:42:53', 1, 0),
('173d8bbc96f1367866670f871787a4c0', 2, 0, '2013-07-20 05:36:14', 1, 0),
('008785d31e5ee1cad54809ba9d22ee5f', 1, 0, '2013-07-20 05:37:03', 1, 0),
('c3b0a8224f185a409d316adaff8deff5', 1, 0, '2013-07-20 05:52:46', 1, 0),
('ea8932763ce778bf52f4d1879f430253', 3, 0, '2013-07-20 05:57:13', 1, 0),
('36d37dff2cdc20f671de87231f735470', 1, 0, '2013-07-20 06:26:19', 1, 0),
('e5a2741e6803777298e486a0ae9d8960', 3, 0, '2013-07-20 06:38:43', 1, 0),
('e11d18051e7aa10f933a48d4a365b6c0', 1, 0, '2013-07-20 06:41:47', 1, 0),
('382423092617e7af700a60f3f34aaf5c', 2, 0, '2013-07-20 06:44:27', 1, 0),
('af66d3d80ab3ac2fabe099079432a553', 1, 0, '2013-07-20 06:45:50', 1, 0),
('f6fd5cf95a71283c4b3ee4d80425a44a', 22, 0, '2013-07-20 19:32:36', 1, 0),
('f9535ca017cc52af3e3069133442a6a3', 1, 0, '2013-07-21 01:52:47', 1, 0),
('7eae8bf69ecb66c6dc1080e46ac6a98f', 1, 0, '2013-07-21 07:13:13', 1, 0),
('420804c1154144f5a82dd88260f56b50', 1, 0, '2013-09-13 21:29:18', 1, 0),
('e5c33efbe5c5b273126567a57c23672d', 1, 0, '2013-09-20 22:18:58', 1, 0),
('8843fdc814e30d8fdd696c0f042bedeb', 1, 0, '2013-10-31 23:37:38', 1, 0),
('2f43596a9a2c62db84bc4acf074999e8', 1, 0, '2013-11-01 01:47:51', 1, 0),
('013d285e0290f4859db99d914cbf98f7', 1, 0, '2013-11-19 03:56:46', 1, 0),
('5a4a99d80d033040618ecc39c8c93b37', 1, 0, '2014-01-19 00:50:14', 1, 0),
('cf748cacdedbc3353df24d46c06c4d9f', 1, 0, '2014-01-19 20:36:08', 1, 0),
('86867e09d5cb65d7fba042ca40fcc85b', 1, 0, '2014-01-19 20:42:33', 1, 0),
('f34ac3ec40dbf4777b31c5aba77217c8', 1, 0, '2014-01-19 21:01:48', 1, 0),
('c4b30005ee065a43f8ee852278f2fbc7', 2, 0, '2014-01-26 22:51:04', 1, 0),
('4cefa3c0139ff53f064cecd990daab6f', 22, 0, '2014-01-26 22:59:32', 1, 0),
('46dbd4f5186ebb562088075f823bd32a', 22, 0, '2014-01-26 23:04:58', 1, 0),
('c393c591b670b58c6daa08d6d5016997', 4, 0, '2016-03-27 18:45:47', 1, 0),
('191bdb8da4192b0da3542e0470c1c3e9', 1, 0, '2016-03-27 18:48:08', 1, 0),
('e5055291fb904ea73ed7b05a83c430b8', 22, 0, '2016-03-27 18:52:04', 1, 0),
('174d0fd94715bef4c01385e5c556afe4', 22, 0, '2016-03-27 19:01:35', 1, 0),
('d104bccacce0877e18b0cc22df0315aa', 1, 0, '2016-03-28 18:15:45', 1, 0),
('d104bccacce0877e18b0cc22df0315aa', 1, 0, '2016-03-28 18:19:28', 1, 0),
('6700118c9b96bc2d648f6ed6d3b94b16', 1, 0, '2016-03-29 00:37:42', 1, 0),
('e7cd83954bca5df8e818700718c1f8e0', 1, 0, '2016-04-06 15:17:29', 1, 0),
('85eb20c868f7c29f8bc467979187489d', 1, 0, '2016-04-06 20:11:33', 1, 0),
('52ffeca31cd9e22a0bf0b6394567baf0', 1, 0, '2016-04-07 21:08:27', 1, 0),
('5478f8a968da230a631ef0fab143c9ec', 1, 0, '2016-04-08 14:01:24', 1, 0),
('d32fefbf48f9257f37463b209255c973', 1, 0, '2016-04-08 20:27:36', 1, 0),
('f79df3f87ad8c5efb0ca316066730acc', 1, 0, '2016-04-09 12:59:04', 1, 0),
('c1d2ec605a6c1188f4c2499a184c3f01', 1, 0, '2016-04-09 18:05:57', 1, 0),
('0fce22c2a5c6eae2268680f4c464e26f', 1, 0, '2016-04-11 12:17:29', 1, 0),
('e981b393603f3b13c12853a6c30f7fc5', 1, 0, '2016-04-11 18:56:48', 1, 0),
('cd657ae5f4121c9cdd9c0192b2eef58a', 1, 0, '2016-04-11 18:59:41', 1, 0),
('e981b393603f3b13c12853a6c30f7fc5', 2, 0, '2016-04-11 19:05:31', 1, 0),
('e981b393603f3b13c12853a6c30f7fc5', 3, 0, '2016-04-11 19:18:44', 1, 0),
('e981b393603f3b13c12853a6c30f7fc5', 4, 0, '2016-04-11 19:21:38', 1, 0),
('665997ed8b5d8e763e57c9d4322f4bef', 14, 0, '2016-04-11 19:48:32', 1, 0),
('5d2fa285b1ee41a8d82656713dfe315b', 1, 0, '2016-04-11 20:59:37', 1, 0),
('da40356d5602f4a747e55c77c76ac352', 2, 0, '2016-04-11 21:04:23', 1, 0),
('9963688a1dd85014bf1d2541f1cd2369', 1, 0, '2016-04-11 21:53:11', 1, 0),
('4c3daaf0512fc8dc4ae845084d045a4c', 2, 0, '2016-04-11 21:54:51', 1, 0),
('b39990bc34db0c25bd85a521b89dd3ea', 1, 0, '2016-04-11 21:55:49', 1, 0),
('4a942968f7473d06d3b74f8645316943', 3, 0, '2016-04-11 22:55:32', 1, 0),
('10ba99cd34ba8ef4142fecec8e2a9191', 22, 0, '2016-04-12 13:40:39', 1, 0),
('979cccb995ab4c03b07130d3bdbe7ab6', 1, 0, '2016-04-12 13:43:13', 1, 0),
('451b82f56329152e1e7d3e21b9f0c744', 22, 0, '2016-04-12 13:43:29', 1, 0),
('0198bfaba2f14b8f458c4fb097e3ff28', 1, 0, '2016-04-12 13:47:06', 1, 0),
('06abb459cb0cc6da642819d741ca9245', 22, 0, '2016-04-12 14:13:42', 1, 0),
('30bda80471c03ed8eb66409c573f125a', 1, 0, '2016-04-12 14:29:26', 1, 0),
('6eb2fe48034f327f2cebf497ef3f51ea', 22, 0, '2016-04-12 14:29:49', 1, 0),
('8b8b776918cf758702ee6304002351c6', 1, 0, '2016-04-12 14:32:47', 1, 0),
('3a342e7e83a5cb44f6a92517df21e670', 14, 0, '2016-04-12 14:36:09', 1, 0),
('404b3b93cf1164de7f55983c44f5231b', 13, 0, '2016-04-12 14:36:25', 1, 0),
('6866730d74d8dfa8177ef59d005a7f8e', 14, 0, '2016-04-12 14:41:30', 1, 0),
('00eacae28d651bbf6e4361d22374a20a', 13, 0, '2016-04-12 14:41:45', 1, 0),
('88d896b4bed65ece02d57dd26115da2f', 15, 0, '2016-04-12 14:50:49', 1, 0),
('4cca702f8dfb0e8ad0d5c35dbd179bcb', 14, 0, '2016-04-12 14:56:25', 1, 0),
('3fd8c62e9bbf83ed686198eac357fbef', 13, 0, '2016-04-12 14:56:38', 1, 0),
('912e2a498d2789c3ac79a9ea34788ecd', 15, 0, '2016-04-12 14:56:51', 1, 0),
('e80d5f6c07fdf83fbf591925d45b7d82', 16, 0, '2016-04-12 15:06:51', 1, 0),
('fc71830b3b421b2c68d619572cabe35e', 14, 0, '2016-04-12 15:13:03', 1, 0),
('01599efe07b07241599de8593b5201d4', 1, 0, '2016-04-12 21:46:42', 1, 0),
('300bbafe1a99ccc9ef426e55a8abe788', 2, 0, '2016-04-12 21:47:33', 1, 0),
('b430194bc01d59fb42224f5701158b68', 14, 0, '2016-04-12 21:47:56', 1, 0),
('51f389b38a8758303eac6e7e7ad47dfc', 1, 0, '2016-04-12 21:55:26', 1, 0),
('e97bf8b298d31ac100db11d84905d6e8', 5, 0, '2016-04-12 22:02:35', 1, 0),
('e8b89a561983f09873692653039e43ef', 6, 0, '2016-04-12 22:06:20', 1, 0),
('28db5877e418c1af0d44bbd6eb5de944', 5, 0, '2016-04-12 22:10:42', 1, 0),
('dd5e6f77f0220d94a2db945fd2c97b17', 6, 0, '2016-04-12 22:10:58', 1, 0),
('6370fa89df15e54ca3329a944d332648', 7, 0, '2016-04-12 22:39:40', 1, 0),
('4f2607f6dba4e42e8c3d56be62bd67a5', 8, 0, '2016-04-12 22:43:34', 1, 0),
('d88cac8132541f8bf53264a1f54006ff', 8, 0, '2016-04-12 23:08:32', 1, 0),
('39515763ea4bee3099dc02a31dabe180', 9, 0, '2016-04-13 13:29:06', 1, 0),
('d6f186be5fdb8da10cfdd05d90e78913', 10, 0, '2016-04-13 13:38:57', 1, 0),
('d7802ece071c6f276fcbb684306d0231', 11, 0, '2016-04-13 18:51:01', 1, 0),
('63b329602e45c86a5355af636d6fddb9', 12, 0, '2016-04-13 18:56:25', 1, 0),
('bf16d12e61f67995cc251387a3a771e2', 21, 0, '2016-04-13 19:02:56', 1, 0),
('e30760cea685512631e1b31971f2b43b', 25, 0, '2016-04-13 19:09:57', 1, 0),
('ae01c9e81f8afcbabf0acd3a3f3567fc', 17, 0, '2016-04-13 20:40:13', 1, 0),
('3c025817b6bd5fd69969ed85646e286d', 6, 0, '2016-04-13 21:58:49', 1, 0),
('9fee73e42a6cc275af9d26bafaad5170', 18, 0, '2016-04-13 22:05:38', 1, 0),
('4f1f51e724c04cb0bc3c6a5cfb2b023f', 19, 0, '2016-04-13 22:14:50', 1, 0),
('7fba08b0ff243d5235c9a6f819d78a3d', 22, 0, '2016-04-14 07:52:10', 1, 0),
('c1d98e0a0a699b43a087651f751203a2', 1, 0, '2016-04-14 07:52:28', 1, 0),
('c1d98e0a0a699b43a087651f751203a2', 22, 0, '2016-04-14 07:57:07', 1, 0),
('cd69abba1dcf2966dd9a6cb5f7e79f2b', 1, 0, '2016-04-14 07:57:51', 1, 0),
('cd69abba1dcf2966dd9a6cb5f7e79f2b', 1, 0, '2016-04-14 08:01:27', 1, 0),
('f20d8d0726778d07a4126904a1bcecc2', 1, 0, '2016-04-14 12:32:56', 1, 0),
('5bf416073330e0cc222769c2c9c765e0', 1, 0, '2016-04-14 12:34:40', 1, 0),
('d33dfa8114492b9b2e29354b1e08afd7', 22, 0, '2016-04-14 12:49:24', 1, 0),
('97d6fb1c15fd197f71e93c8dc0af3022', 1, 0, '2017-09-06 09:08:49', 1, 0),
('f940d0caa4f2297e7d61f882b2d1f799', 1, 0, '2018-01-04 09:06:43', 1, 0);

-- --------------------------------------------------------

--
-- Table structure for table `user_index`
--

CREATE TABLE IF NOT EXISTS `user_index` (
  `user_role` int(11) DEFAULT NULL,
  `uname` varchar(10) DEFAULT NULL,
  `password` varchar(30) DEFAULT NULL,
  `fname` varchar(45) DEFAULT NULL,
  `lname` varchar(45) DEFAULT NULL,
  `uid` int(11) NOT NULL AUTO_INCREMENT,
  `active` int(11) DEFAULT NULL,
  `type_of_occupation` varchar(20) DEFAULT NULL,
  `email` varchar(30) DEFAULT NULL,
  `mobile` varchar(12) DEFAULT NULL,
  `Adress` varchar(200) DEFAULT NULL,
  PRIMARY KEY (`uid`)
) ENGINE=InnoDB  DEFAULT CHARSET=latin1 AUTO_INCREMENT=31 ;

--
-- Dumping data for table `user_index`
--

INSERT INTO `user_index` (`user_role`, `uname`, `password`, `fname`, `lname`, `uid`, `active`, `type_of_occupation`, `email`, `mobile`, `Adress`) VALUES
(0, '1101', '1101', 'Shivaprasad', 'Nanjundachari', 1, 1, 'self', 'nnsprasad@gmail.com', '919900104439', 'City Flats Bangalore'),
(0, '1102', '1102', 'Nagesh', 'Nanjundachari', 2, 1, 'rent', 'nagesh_garden@gmail.com', '9900104440', '#10 BTM Layout Bangalore'),
(0, '1103', '1103', 'Jagadeesh', 'Gundachari', 3, 1, 'rent', 'jagadeesh.g@gmail.com', '9199000000', 'Frank Furt Germany'),
(0, '1104', '1104', 'Harsha', 'Jayaramachar', 4, 1, 'self', 'harsha_jayaram@rediffmail.com', '9900104440', 'city flats Bangalore'),
(0, '2101', '2101', 'Susheelamma', 'Najundachari', 5, 1, 'rent', 'nnsprasad@gmail.com', '919900104439', 'Mahalaxmi Layout Bangalore'),
(0, '2102', '2102', 'Ananthachar', 'Subrayachar', 6, 1, 'rent', 'ananthachar@gmail.com', '9945012772', '#74 DB sandra Vidyaranyapura post'),
(0, '2103', '2103', 'Sanjeevachar', 'Subrayachar', 7, 1, 'self', 'samyatha@gmail.com', '9945012772', '#60 DB sandra Vidyaranya pura Post Bangalore'),
(0, '2104', '2104', 'Manikyachar', 'Subrayachar', 8, 1, 'rent', 'manjunath@kmail.com', '9900104488', '#78, Nanjappoa Layout, Vidya Ranya pura Bangalore '),
(0, '3101', '3101', 'Ashoka', 'Subrayachar', 9, 1, 'self', 'ashok921959@gemil.com', '919900104440', 'City Flats Bangalore'),
(0, '3102', '3102', 'Pushpa', 'Mallikarjun', 10, 1, 'self', 'semma.m@gmail.com', '9199000012', 'City Flats Bangalore'),
(0, '3103', '3103', 'Gayatri', 'Ganesh', 11, 1, 'self', 'ganesh.gayatri@gmil.com', '919900104123', 'City Flats Bangalore'),
(0, '3104', '3104', 'Shanti', 'Dinesh', 12, 1, 'self', 'dinesh.A@gmail.com', '9900101234', 'City Flats Bangalore'),
(0, '1202', '1202', 'Sundar', 'Vasanthkumar', 13, 1, 'self', 'sundar@kmail.com', '9900104488', 'City Flats Bangalore'),
(0, '1201', '1201', 'Vinay', 'Achrekar', 14, 1, 'self', 'vinuth@kmail.com', '9945012779', 'City Flats Bangalore`'),
(0, '1203', '1203', 'Shanthala', 'Manjunath', 15, 1, 'self', 'shanthala@kmail.com', '9945012778', 'City Flats Bangalore'),
(0, '1204', '1204', 'Shashi', 'Sujata', 16, 1, 'self', 'shashi@kmail.com', '9945012776', 'City Flats Bangalore'),
(0, '2201', '2201', 'vivek', 'Kurgod', 17, 1, 'self', 'vivek@gmail.com', '9900104488', 'City Flats Bangalore'),
(0, '2202', '2202', 'Vasanth', 'Kumaraswamy', 18, 1, 'rent', 'veena@london.com', '01449900300', '#24 Queens Road King Palace'),
(0, '2203', '2203', 'Ramakrishna', 'Kurgod', 19, 1, 'self', 'vivek@gmail.com', '9199000000', 'City Flats Bangalore'),
(0, '2204', '2204', 'Jayarmachar', 'Subrayachar', 20, 1, 'self', 'harsha_jayaram@rediffmail.com', '9945012779', 'City Flats Bangalore'),
(0, '3201', '3201', 'Sathhesh', 'Kurgod', 21, 1, 'rent', 'sateesha@amail.com', '9900104444', '#34 Magrath Road Chennai'),
(3, 'admin1', 'admin1', 'Shivaprasad', 'N', 22, 1, NULL, NULL, NULL, NULL),
(3, 'admin2', 'null', 'Nagesh', 'N', 23, 0, NULL, NULL, NULL, NULL),
(3, 'admin2', 'null', 'Nagesh', 'N', 24, 0, NULL, NULL, NULL, NULL),
(0, '3202', '3202', 'sirish', 'Ramachara Rao', 25, 1, 'self', 'sirish@gmail.com', '919900108888', 'City Flats Bangalore'),
(0, '3203', '3203', 'Roshan', 'William', 26, 1, 'self', 'Roshan@gmail.com', '919900108988', 'City Flats Bangalore'),
(3, 'admin4', 'admin4', 'Srividya', 'Ananthachar', 27, NULL, NULL, 'nnsprasad@gmail.com', '9900104439', NULL),
(3, 'admin3', '12', 'Sanjeevaachar', 'Subrayachar', 28, NULL, NULL, 'nnsprasad@gmail.com', '919900104439', NULL),
(3, 'admin5', 'admin5', 'Shivaprasad', 'Nanjundachari', 29, 1, NULL, 'nnsprasad@gmail.com', '9900104439', NULL),
(3, 'ADMIN', 'ADMIN', NULL, NULL, 30, 1, NULL, NULL, NULL, NULL);

--
-- Constraints for dumped tables
--

--
-- Constraints for table `member_del_info`
--
ALTER TABLE `member_del_info`
  ADD CONSTRAINT `member_del_info_ibfk_1` FOREIGN KEY (`del_id`) REFERENCES `member_del_index` (`del_id`);

--
-- Constraints for table `member_profile`
--
ALTER TABLE `member_profile`
  ADD CONSTRAINT `member_profile_ibfk_1` FOREIGN KEY (`uid`) REFERENCES `user_index` (`uid`);

--
-- Constraints for table `msg_index`
--
ALTER TABLE `msg_index`
  ADD CONSTRAINT `msg_index_ibfk_1` FOREIGN KEY (`msg_id`) REFERENCES `msg_header` (`msg_id`),
  ADD CONSTRAINT `msg_index_ibfk_2` FOREIGN KEY (`to_uid`) REFERENCES `user_index` (`uid`);

--
-- Constraints for table `notice_body`
--
ALTER TABLE `notice_body`
  ADD CONSTRAINT `notice_body_ibfk_1` FOREIGN KEY (`notice_id`) REFERENCES `notice_info` (`notice_id`);

--
-- Constraints for table `t_persession`
--
ALTER TABLE `t_persession`
  ADD CONSTRAINT `t_persession_ibfk_1` FOREIGN KEY (`uid`) REFERENCES `user_index` (`uid`);

/*!40101 SET CHARACTER_SET_CLIENT=@OLD_CHARACTER_SET_CLIENT */;
/*!40101 SET CHARACTER_SET_RESULTS=@OLD_CHARACTER_SET_RESULTS */;
/*!40101 SET COLLATION_CONNECTION=@OLD_COLLATION_CONNECTION */;
